created_at,PM1.0_CF1_ug/m3,PM2.5_CF1_ug/m3,PM10.0_CF1_ug/m3,UptimeMinutes,ADC,Pressure_hpa,IAQ,PM2.5_ATM_ug/m3,
2021-06-13 00:00:00 UTC,,,,18704.00,0.00,1004.44,,
2021-06-13 00:10:00 UTC,,,,18670.40,0.00,1004.30,,
2021-06-13 00:20:00 UTC,,,,18737.60,0.00,1004.23,,
2021-06-13 00:30:00 UTC,,,,18704.00,0.00,1004.16,,
2021-06-13 00:40:00 UTC,,,,18704.00,0.00,1003.79,,
2021-06-13 00:50:00 UTC,,,,18737.60,0.00,1003.57,,
2021-06-13 01:00:00 UTC,,,,18737.60,0.00,1003.35,,
2021-06-13 01:10:00 UTC,,,,18704.00,0.00,1003.74,,
2021-06-13 01:20:00 UTC,,,,18704.00,0.00,1004.12,,
2021-06-13 01:30:00 UTC,,,,18704.00,0.00,1004.21,,
2021-06-13 01:40:00 UTC,,,,18737.60,0.00,1004.20,,
2021-06-13 01:50:00 UTC,,,,18704.00,0.00,1004.34,,
2021-06-13 02:00:00 UTC,,,,18771.20,0.00,1004.11,,
2021-06-13 02:10:00 UTC,,,,18670.40,0.00,1003.76,,
2021-06-13 02:20:00 UTC,,,,18704.00,0.00,1003.60,,
2021-06-13 02:30:00 UTC,,,,18704.00,0.00,1003.67,,
2021-06-13 02:40:00 UTC,,,,18704.00,0.00,1003.93,,
2021-06-13 02:50:00 UTC,,,,18737.60,0.00,1004.09,,
2021-06-13 03:00:00 UTC,,,,18737.60,0.00,1004.36,,
2021-06-13 03:10:00 UTC,,,,18704.00,0.00,1004.30,,
2021-06-13 03:20:00 UTC,,,,18737.60,0.00,1004.76,,
2021-06-13 03:30:00 UTC,,,,18704.00,0.00,1005.31,,
2021-06-13 03:40:00 UTC,,,,18737.60,0.00,1005.55,,
2021-06-13 03:50:00 UTC,,,,18704.00,0.00,1005.63,,
2021-06-13 04:00:00 UTC,,,,18737.60,0.00,1005.53,,
2021-06-13 04:10:00 UTC,,,,18670.40,0.00,1005.56,,
2021-06-13 04:20:00 UTC,,,,18704.00,0.00,1005.65,,
2021-06-13 04:30:00 UTC,,,,18737.60,0.00,1005.95,,
2021-06-13 04:40:00 UTC,,,,18704.00,0.00,1006.22,,
2021-06-13 04:50:00 UTC,,,,18704.00,0.00,1005.87,,
2021-06-13 05:00:00 UTC,,,,18704.00,0.00,1005.75,,
2021-06-13 05:10:00 UTC,,,,18636.80,0.00,1005.71,,
2021-06-13 05:20:00 UTC,,,,18704.00,0.00,1005.88,,
2021-06-13 05:30:00 UTC,,,,18737.60,0.00,1005.92,,
2021-06-13 05:40:00 UTC,,,,18737.60,0.00,1005.79,,
2021-06-13 05:50:00 UTC,,,,18704.00,0.00,1005.79,,
2021-06-13 06:00:00 UTC,,,,18804.80,0.00,1005.93,,
2021-06-13 06:10:00 UTC,,,,18670.40,0.00,1006.04,,
2021-06-13 06:20:00 UTC,,,,18704.00,0.00,1006.11,,
2021-06-13 06:30:00 UTC,,,,18704.00,0.00,1005.94,,
2021-06-13 06:40:00 UTC,,,,18737.60,0.00,1005.87,,
2021-06-13 06:50:00 UTC,,,,18704.00,0.00,1005.75,,
2021-06-13 07:00:00 UTC,,,,18737.60,0.00,1005.64,,
2021-06-13 07:10:00 UTC,,,,18710.40,0.00,1005.71,,
2021-06-13 07:20:00 UTC,,,,18737.60,0.00,1005.63,,
2021-06-13 07:30:00 UTC,,,,18737.60,0.00,1005.73,,
2021-06-13 07:40:00 UTC,,,,18704.00,0.00,1005.89,,
2021-06-13 07:50:00 UTC,,,,18704.00,0.00,1005.89,,
2021-06-13 08:00:00 UTC,,,,18737.60,0.00,1005.71,,
2021-06-13 08:10:00 UTC,,,,18704.00,0.00,1005.80,,
2021-06-13 08:20:00 UTC,,,,18704.00,0.00,1005.77,,
2021-06-13 08:30:00 UTC,,,,18804.80,0.00,1005.76,,
2021-06-13 08:40:00 UTC,,,,18737.60,0.00,1005.70,,
2021-06-13 08:50:00 UTC,,,,18737.60,0.00,1005.66,,
2021-06-13 09:00:00 UTC,,,,18771.20,0.00,1005.68,,
2021-06-13 09:10:00 UTC,,,,18704.00,0.00,1005.80,,
2021-06-13 09:20:00 UTC,,,,18704.00,0.00,1005.81,,
2021-06-13 09:30:00 UTC,,,,18737.60,0.00,1005.78,,
2021-06-13 09:40:00 UTC,,,,18737.60,0.00,1005.83,,
2021-06-13 09:50:00 UTC,,,,18748.80,0.00,1005.73,,
2021-06-13 10:00:00 UTC,,,,18704.00,0.00,1005.88,,
2021-06-13 10:10:00 UTC,,,,18704.00,0.00,1005.91,,
2021-06-13 10:20:00 UTC,,,,18704.00,0.00,1005.89,,
2021-06-13 10:30:00 UTC,,,,18704.00,0.00,1005.85,,
2021-06-13 10:40:00 UTC,,,,18771.20,0.00,1005.85,,
2021-06-13 10:50:00 UTC,,,,18737.60,0.00,1005.79,,
2021-06-13 11:00:00 UTC,,,,18737.60,0.00,1005.77,,
2021-06-13 11:10:00 UTC,,,,18670.40,0.00,1005.63,,
2021-06-13 11:20:00 UTC,,,,18737.60,0.00,1005.53,,
2021-06-13 11:30:00 UTC,,,,18704.00,0.00,1005.58,,
2021-06-13 11:40:00 UTC,,,,18704.00,0.00,1005.70,,
2021-06-13 11:50:00 UTC,,,,18704.00,0.00,1005.69,,
2021-06-13 12:00:00 UTC,,,,18704.00,0.00,1005.72,,
2021-06-13 12:10:00 UTC,,,,18670.40,0.00,1005.71,,
2021-06-13 12:20:00 UTC,,,,18704.00,0.00,1005.78,,
2021-06-13 12:30:00 UTC,,,,18704.00,0.00,1005.78,,
2021-06-13 12:40:00 UTC,,,,18737.60,0.00,1005.85,,
2021-06-13 12:50:00 UTC,,,,18704.00,0.00,1005.93,,
2021-06-13 13:00:00 UTC,,,,18704.00,0.00,1005.95,,
2021-06-13 13:10:00 UTC,,,,18704.00,0.00,1006.00,,
2021-06-13 13:20:00 UTC,,,,18704.00,0.00,1006.12,,
2021-06-13 13:30:00 UTC,,,,18704.00,0.00,1006.33,,
2021-06-13 13:40:00 UTC,,,,18737.60,0.00,1006.27,,
2021-06-13 13:50:00 UTC,,,,18704.00,0.00,1006.28,,
2021-06-13 14:00:00 UTC,,,,18737.60,0.00,1006.36,,
2021-06-13 14:10:00 UTC,,,,18704.00,0.00,1006.67,,
2021-06-13 14:20:00 UTC,,,,18704.00,0.00,1006.46,,
2021-06-13 14:30:00 UTC,,,,18704.00,0.00,1006.32,,
2021-06-13 14:40:00 UTC,,,,18704.00,0.00,1006.36,,
2021-06-13 14:50:00 UTC,,,,18704.00,0.00,1006.49,,
2021-06-13 15:00:00 UTC,,,,18704.00,0.00,1006.29,,
2021-06-13 15:10:00 UTC,,,,18704.00,0.00,1006.29,,
2021-06-13 15:20:00 UTC,,,,18737.60,0.00,1006.43,,
2021-06-13 15:30:00 UTC,,,,18704.00,0.00,1006.42,,
2021-06-13 15:40:00 UTC,,,,18704.00,0.00,1006.05,,
2021-06-13 15:50:00 UTC,,,,18704.00,0.00,1006.65,,
2021-06-13 16:00:00 UTC,,,,18704.00,0.00,1006.42,,
2021-06-13 16:10:00 UTC,,,,18704.00,0.00,1006.18,,
2021-06-13 16:20:00 UTC,,,,18737.60,0.00,1006.26,,
2021-06-13 16:30:00 UTC,,,,18737.60,0.00,1006.23,,
2021-06-13 16:40:00 UTC,,,,18704.00,0.00,1006.21,,
2021-06-13 16:50:00 UTC,,,,18737.60,0.00,1006.11,,
2021-06-13 17:00:00 UTC,,,,18704.00,0.00,1006.18,,
2021-06-13 17:10:00 UTC,,,,18670.40,0.00,1006.18,,
2021-06-13 17:20:00 UTC,,,,18704.00,0.00,1005.89,,
2021-06-13 17:30:00 UTC,,,,18715.20,0.00,1006.05,,
2021-06-13 17:40:00 UTC,,,,18737.60,0.00,1006.04,,
2021-06-13 17:50:00 UTC,,,,18681.60,0.00,1005.91,,
2021-06-13 18:00:00 UTC,,,,18737.60,0.00,1005.89,,
2021-06-13 18:10:00 UTC,,,,18704.00,0.00,1005.87,,
2021-06-13 18:20:00 UTC,,,,18704.00,0.00,1005.85,,
2021-06-13 18:30:00 UTC,,,,18704.00,0.00,1005.91,,
2021-06-13 18:40:00 UTC,,,,18737.60,0.00,1006.03,,
2021-06-13 18:50:00 UTC,,,,18737.60,0.00,1006.04,,
2021-06-13 19:00:00 UTC,,,,18704.00,0.00,1005.87,,
2021-06-13 19:10:00 UTC,,,,18737.60,0.00,1005.67,,
2021-06-13 19:20:00 UTC,,,,18704.00,0.00,1005.85,,
2021-06-13 19:30:00 UTC,,,,18737.60,0.00,1005.85,,
2021-06-13 19:40:00 UTC,,,,18737.60,0.00,1005.67,,
2021-06-13 19:50:00 UTC,,,,18737.60,0.00,1005.99,,
2021-06-13 20:00:00 UTC,,,,18704.00,0.00,1005.91,,
2021-06-13 20:10:00 UTC,,,,18670.40,0.00,1005.89,,
2021-06-13 20:20:00 UTC,,,,18737.60,0.00,1005.97,,
2021-06-13 20:30:00 UTC,,,,18704.00,0.00,1006.03,,
2021-06-13 20:40:00 UTC,,,,18704.00,0.00,1006.13,,
2021-06-13 20:50:00 UTC,,,,18737.60,0.00,1005.58,,
2021-06-13 21:00:00 UTC,,,,18704.00,0.00,1006.36,,
2021-06-13 21:10:00 UTC,,,,18704.00,0.00,1006.27,,
2021-06-13 21:20:00 UTC,,,,18704.00,0.00,1006.28,,
2021-06-13 21:30:00 UTC,,,,18704.00,0.00,1006.24,,
2021-06-13 21:40:00 UTC,,,,18704.00,0.00,1006.33,,
2021-06-13 21:50:00 UTC,,,,18704.00,0.00,1006.62,,
2021-06-13 22:00:00 UTC,,,,18704.00,0.00,1006.73,,
2021-06-13 22:10:00 UTC,,,,18704.00,0.00,1006.79,,
2021-06-13 22:20:00 UTC,,,,18771.20,0.00,1006.95,,
2021-06-13 22:30:00 UTC,,,,18771.20,0.00,1007.10,,
2021-06-13 22:40:00 UTC,,,,18704.00,0.00,1007.16,,
2021-06-13 22:50:00 UTC,,,,18704.00,0.00,1007.14,,
2021-06-13 23:00:00 UTC,,,,18704.00,0.00,1007.03,,
2021-06-13 23:10:00 UTC,,,,18771.20,0.00,1007.38,,
2021-06-13 23:20:00 UTC,,,,18704.00,0.00,1007.70,,
2021-06-13 23:30:00 UTC,,,,18704.00,0.00,1008.06,,
2021-06-13 23:40:00 UTC,,,,18704.00,0.00,1007.92,,
2021-06-13 23:50:00 UTC,,,,18704.00,0.00,1008.04,,,
2021-06-14 00:00:00 UTC,,,,18737.60,0.00,1008.19,,
2021-06-14 00:10:00 UTC,,,,18670.40,0.00,1007.77,,
2021-06-14 00:20:00 UTC,,,,18771.20,0.00,1007.34,,
2021-06-14 00:30:00 UTC,,,,18737.60,0.00,1007.42,,
2021-06-14 00:40:00 UTC,,,,18737.60,0.00,1007.43,,
2021-06-14 00:50:00 UTC,,,,18704.00,0.00,1007.89,,
2021-06-14 01:00:00 UTC,,,,18704.00,0.00,1008.01,,
2021-06-14 01:10:00 UTC,,,,18670.40,0.00,1007.92,,
2021-06-14 01:20:00 UTC,,,,18704.00,0.00,1007.70,,
2021-06-14 01:30:00 UTC,,,,18771.20,0.00,1007.45,,
2021-06-14 01:40:00 UTC,,,,18704.00,0.00,1007.26,,
2021-06-14 01:50:00 UTC,,,,18737.60,0.00,1007.16,,
2021-06-14 02:00:00 UTC,,,,18704.00,0.00,1007.27,,
2021-06-14 02:10:00 UTC,,,,18670.40,0.00,1007.85,,
2021-06-14 02:20:00 UTC,,,,18704.00,0.00,1007.94,,
2021-06-14 02:30:00 UTC,,,,18704.00,0.00,1007.85,,
2021-06-14 02:40:00 UTC,,,,18737.60,0.00,1008.02,,
2021-06-14 02:50:00 UTC,,,,18704.00,0.00,1007.75,,
2021-06-14 03:00:00 UTC,,,,18704.00,0.00,1007.99,,
2021-06-14 03:10:00 UTC,,,,18670.40,0.00,1008.22,,
2021-06-14 03:20:00 UTC,,,,18704.00,0.00,1007.87,,
2021-06-14 03:30:00 UTC,,,,18737.60,0.00,1007.36,,
2021-06-14 03:40:00 UTC,,,,18704.00,0.00,1007.71,,
2021-06-14 03:50:00 UTC,,,,18704.00,0.00,1008.14,,
2021-06-14 04:00:00 UTC,,,,18704.00,0.00,1008.10,,
2021-06-14 04:10:00 UTC,,,,18804.80,0.00,1008.05,,
2021-06-14 04:20:00 UTC,,,,18737.60,0.00,1008.25,,
2021-06-14 04:30:00 UTC,,,,18704.00,0.00,1008.54,,
2021-06-14 04:40:00 UTC,,,,18704.00,0.00,1008.78,,
2021-06-14 04:50:00 UTC,,,,18737.60,0.00,1008.73,,
2021-06-14 05:00:00 UTC,,,,18704.00,0.00,1008.51,,
2021-06-14 05:10:00 UTC,,,,18670.40,0.00,1008.52,,
2021-06-14 05:20:00 UTC,,,,18737.60,0.00,1008.58,,
2021-06-14 05:30:00 UTC,,,,18737.60,0.00,1008.56,,
2021-06-14 05:40:00 UTC,,,,18737.60,0.00,1008.30,,
2021-06-14 05:50:00 UTC,,,,18771.20,0.00,1008.13,,
2021-06-14 06:00:00 UTC,,,,18704.00,0.00,1008.13,,
2021-06-14 06:10:00 UTC,,,,18715.20,0.00,1007.86,,
2021-06-14 06:20:00 UTC,,,,18715.20,0.00,1007.78,,
2021-06-14 06:30:00 UTC,,,,18704.00,0.00,1008.01,,
2021-06-14 06:40:00 UTC,,,,18737.60,0.00,1007.99,,
2021-06-14 06:50:00 UTC,,,,18737.60,0.00,1007.92,,
2021-06-14 07:00:00 UTC,,,,18737.60,0.00,1007.96,,
2021-06-14 07:10:00 UTC,,,,18704.00,0.00,1007.99,,
2021-06-14 07:20:00 UTC,,,,18737.60,0.00,1008.08,,
2021-06-14 07:30:00 UTC,,,,18681.60,0.00,1007.62,,
2021-06-14 07:40:00 UTC,,,,18704.00,0.00,1008.05,,
2021-06-14 07:50:00 UTC,,,,18771.20,0.00,1008.05,,
2021-06-14 08:00:00 UTC,,,,18737.60,0.00,1008.05,,
2021-06-14 08:10:00 UTC,,,,18670.40,0.00,1007.94,,
2021-06-14 08:20:00 UTC,,,,18737.60,0.00,1007.79,,
2021-06-14 08:30:00 UTC,,,,18704.00,0.00,1008.03,,
2021-06-14 08:40:00 UTC,,,,18704.00,0.00,1008.08,,
2021-06-14 08:50:00 UTC,,,,18737.60,0.00,1008.16,,
2021-06-14 09:00:00 UTC,,,,18771.20,0.00,1008.33,,
2021-06-14 09:10:00 UTC,,,,18704.00,0.00,1008.42,,
2021-06-14 09:20:00 UTC,,,,18704.00,0.00,1008.54,,
2021-06-14 09:30:00 UTC,,,,18704.00,0.00,1008.56,,
2021-06-14 09:40:00 UTC,,,,18704.00,0.00,1008.59,,
2021-06-14 09:50:00 UTC,,,,18737.60,0.00,1008.66,,
2021-06-14 10:00:00 UTC,,,,18737.60,0.00,1008.78,,
2021-06-14 10:10:00 UTC,,,,18704.00,0.00,1008.66,,
2021-06-14 10:20:00 UTC,,,,18737.60,0.00,1008.65,,
2021-06-14 10:30:00 UTC,,,,18704.00,0.00,1008.63,,
2021-06-14 10:40:00 UTC,,,,18737.60,0.00,1008.68,,
2021-06-14 10:50:00 UTC,,,,18704.00,0.00,1008.59,,
2021-06-14 11:00:00 UTC,,,,18704.00,0.00,1008.82,,
2021-06-14 11:10:00 UTC,,,,18804.80,0.00,1008.89,,
2021-06-14 11:20:00 UTC,,,,18771.20,0.00,1008.80,,
2021-06-14 11:30:00 UTC,,,,18771.20,0.00,1008.79,,
2021-06-14 11:40:00 UTC,,,,18704.00,0.00,1008.68,,
2021-06-14 11:50:00 UTC,,,,18704.00,0.00,1008.73,,
2021-06-14 12:00:00 UTC,,,,18704.00,0.00,1008.86,,
2021-06-14 12:10:00 UTC,,,,18670.40,0.00,1008.90,,
2021-06-14 12:20:00 UTC,,,,18737.60,0.00,1008.92,,
2021-06-14 12:30:00 UTC,,,,18737.60,0.00,1008.97,,
2021-06-14 12:40:00 UTC,,,,18704.00,0.00,1009.15,,
2021-06-14 12:50:00 UTC,,,,18737.60,0.00,1009.15,,
2021-06-14 13:00:00 UTC,,,,18704.00,0.00,1009.16,,
2021-06-14 13:10:00 UTC,,,,18670.40,0.00,1009.19,,
2021-06-14 13:20:00 UTC,,,,18737.60,0.00,1009.14,,
2021-06-14 13:30:00 UTC,,,,18704.00,0.00,1009.20,,
2021-06-14 13:40:00 UTC,,,,18737.60,0.00,1009.34,,
2021-06-14 13:50:00 UTC,,,,18737.60,0.00,1009.52,,
2021-06-14 14:00:00 UTC,,,,18704.00,0.00,1009.55,,
2021-06-14 14:10:00 UTC,,,,18670.40,0.00,1009.63,,
2021-06-14 14:20:00 UTC,,,,18737.60,0.00,1009.70,,
2021-06-14 14:30:00 UTC,,,,18704.00,0.00,1009.81,,
2021-06-14 14:40:00 UTC,,,,18737.60,0.00,1009.88,,
2021-06-14 14:50:00 UTC,,,,18737.60,0.00,1009.96,,
2021-06-14 15:00:00 UTC,,,,18704.00,0.00,1010.00,,
2021-06-14 15:10:00 UTC,,,,18670.40,0.00,1010.03,,
2021-06-14 15:20:00 UTC,,,,18704.00,0.00,1010.07,,
2021-06-14 15:30:00 UTC,,,,18681.60,0.00,1010.15,,
2021-06-14 15:40:00 UTC,,,,18737.60,0.00,1010.31,,
2021-06-14 15:50:00 UTC,,,,18704.00,0.00,1010.34,,
2021-06-14 16:00:00 UTC,,,,18737.60,0.00,1010.35,,
2021-06-14 16:10:00 UTC,,,,18737.60,0.00,1010.35,,
2021-06-14 16:20:00 UTC,,,,18715.20,0.00,1010.47,,
2021-06-14 16:30:00 UTC,,,,18737.60,0.00,1010.35,,
2021-06-14 16:40:00 UTC,,,,18704.00,0.00,1010.44,,
2021-06-14 16:50:00 UTC,,,,18737.60,0.00,1010.58,,
2021-06-14 17:00:00 UTC,,,,18704.00,0.00,1010.52,,
2021-06-14 17:10:00 UTC,,,,18704.00,0.00,1010.64,,
2021-06-14 17:20:00 UTC,,,,18704.00,0.00,1010.74,,
2021-06-14 17:30:00 UTC,,,,18704.00,0.00,1010.86,,
2021-06-14 17:40:00 UTC,,,,18704.00,0.00,1010.98,,
2021-06-14 17:50:00 UTC,,,,18737.60,0.00,1010.77,,
2021-06-14 18:00:00 UTC,,,,18704.00,0.00,1010.87,,
2021-06-14 18:10:00 UTC,,,,18737.60,0.00,1010.98,,
2021-06-14 18:20:00 UTC,,,,18704.00,0.00,1011.11,,
2021-06-14 18:30:00 UTC,,,,18704.00,0.00,1011.27,,
2021-06-14 18:40:00 UTC,,,,18704.00,0.00,1011.35,,
2021-06-14 18:50:00 UTC,,,,18704.00,0.00,1011.39,,
2021-06-14 19:00:00 UTC,,,,18704.00,0.00,1011.37,,
2021-06-14 19:10:00 UTC,,,,18737.60,0.00,1011.28,,
2021-06-14 19:20:00 UTC,,,,18737.60,0.00,1011.42,,
2021-06-14 19:30:00 UTC,,,,18704.00,0.00,1011.57,,
2021-06-14 19:40:00 UTC,,,,18737.60,0.00,1011.67,,
2021-06-14 19:50:00 UTC,,,,18737.60,0.00,1011.65,,
2021-06-14 20:00:00 UTC,,,,18737.60,0.00,1011.62,,
2021-06-14 20:10:00 UTC,,,,18737.60,0.00,1011.59,,
2021-06-14 20:20:00 UTC,,,,18704.00,0.00,1011.64,,
2021-06-14 20:30:00 UTC,,,,18704.00,0.00,1011.59,,
2021-06-14 20:40:00 UTC,,,,18804.80,0.00,1011.55,,
2021-06-14 20:50:00 UTC,,,,18737.60,0.00,1011.67,,
2021-06-14 21:00:00 UTC,,,,18737.60,0.00,1011.77,,
2021-06-14 21:10:00 UTC,,,,18636.80,0.00,1011.62,,
2021-06-14 21:20:00 UTC,,,,18804.80,0.00,1011.85,,
2021-06-14 21:30:00 UTC,,,,18704.00,0.00,1011.82,,
2021-06-14 21:40:00 UTC,,,,18704.00,0.00,1011.77,,
2021-06-14 21:50:00 UTC,,,,18737.60,0.00,1011.81,,
2021-06-14 22:00:00 UTC,,,,18771.20,0.00,1011.89,,
2021-06-14 22:10:00 UTC,,,,18737.60,0.00,1011.84,,
2021-06-14 22:20:00 UTC,,,,18704.00,0.00,1011.89,,
2021-06-14 22:30:00 UTC,,,,18704.00,0.00,1011.90,,
2021-06-14 22:40:00 UTC,,,,18737.60,0.00,1011.84,,
2021-06-14 22:50:00 UTC,,,,18737.60,0.00,1011.82,,
2021-06-14 23:00:00 UTC,,,,18704.00,0.00,1011.77,,
2021-06-14 23:10:00 UTC,,,,18737.60,0.00,1011.66,,
2021-06-14 23:20:00 UTC,,,,18737.60,0.00,1011.58,,
2021-06-14 23:30:00 UTC,,,,18704.00,0.00,1011.53,,
2021-06-14 23:40:00 UTC,,,,18737.60,0.00,1011.48,,
2021-06-14 23:50:00 UTC,,,,18771.20,0.00,1011.38,,,
2021-06-15 00:00:00 UTC,,,,18737.60,0.00,1011.32,,
2021-06-15 00:10:00 UTC,,,,18737.60,0.00,1011.27,,
2021-06-15 00:20:00 UTC,,,,18771.20,0.00,1011.38,,
2021-06-15 00:30:00 UTC,,,,18704.00,0.00,1011.47,,
2021-06-15 00:40:00 UTC,,,,18737.60,0.00,1011.48,,
2021-06-15 00:50:00 UTC,,,,18704.00,0.00,1011.33,,
2021-06-15 01:00:00 UTC,,,,18704.00,0.00,1011.20,,
2021-06-15 01:10:00 UTC,,,,18771.20,0.00,1011.27,,
2021-06-15 01:20:00 UTC,,,,18704.00,0.00,1011.32,,
2021-06-15 01:30:00 UTC,,,,18704.00,0.00,1011.15,,
2021-06-15 01:40:00 UTC,,,,18704.00,0.00,1011.26,,
2021-06-15 01:50:00 UTC,,,,18704.00,0.00,1011.21,,
2021-06-15 02:00:00 UTC,,,,18704.00,0.00,1011.39,,
2021-06-15 02:10:00 UTC,,,,18737.60,0.00,1011.42,,
2021-06-15 02:20:00 UTC,,,,18704.00,0.00,1011.52,,
2021-06-15 02:30:00 UTC,,,,18704.00,0.00,1011.51,,
2021-06-15 02:40:00 UTC,,,,18704.00,0.00,1011.59,,
2021-06-15 02:50:00 UTC,,,,18737.60,0.00,1011.49,,
2021-06-15 03:00:00 UTC,,,,18748.80,0.00,1011.94,,
2021-06-15 03:10:00 UTC,,,,18737.60,0.00,1012.00,,
2021-06-15 03:20:00 UTC,,,,18737.60,0.00,1012.03,,
2021-06-15 03:30:00 UTC,,,,18704.00,0.00,1012.14,,
2021-06-15 03:40:00 UTC,,,,18704.00,0.00,1012.15,,
2021-06-15 03:50:00 UTC,,,,18737.60,0.00,1012.10,,
2021-06-15 04:00:00 UTC,,,,18737.60,0.00,1011.90,,
2021-06-15 04:10:00 UTC,,,,18670.40,0.00,1011.96,,
2021-06-15 04:20:00 UTC,,,,18704.00,0.00,1012.08,,
2021-06-15 04:30:00 UTC,,,,18704.00,0.00,1012.27,,
2021-06-15 04:40:00 UTC,,,,18737.60,0.00,1012.31,,
2021-06-15 04:50:00 UTC,,,,18704.00,0.00,1012.59,,
2021-06-15 05:00:00 UTC,,,,18737.60,0.00,1012.71,,
2021-06-15 05:10:00 UTC,,,,18737.60,0.00,1012.82,,
2021-06-15 05:20:00 UTC,,,,18737.60,0.00,1012.73,,
2021-06-15 05:30:00 UTC,,,,18704.00,0.00,1012.97,,
2021-06-15 05:40:00 UTC,,,,18704.00,0.00,1013.05,,
2021-06-15 05:50:00 UTC,,,,18737.60,0.00,1013.11,,
2021-06-15 06:00:00 UTC,,,,18704.00,0.00,1013.11,,
2021-06-15 06:10:00 UTC,,,,18704.00,0.00,1013.15,,
2021-06-15 06:20:00 UTC,,,,18704.00,0.00,1013.17,,
2021-06-15 06:30:00 UTC,,,,18737.60,0.00,1013.15,,
2021-06-15 06:40:00 UTC,,,,18704.00,0.00,1013.08,,
2021-06-15 06:50:00 UTC,,,,18704.00,0.00,1012.80,,
2021-06-15 07:00:00 UTC,,,,18737.60,0.00,1013.19,,
2021-06-15 07:10:00 UTC,,,,18737.60,0.00,1013.21,,
2021-06-15 07:20:00 UTC,,,,18737.60,0.00,1013.24,,
2021-06-15 07:30:00 UTC,,,,18771.20,0.00,1013.25,,
2021-06-15 07:40:00 UTC,,,,18737.60,0.00,1013.32,,
2021-06-15 07:50:00 UTC,,,,18737.60,0.00,1013.33,,
2021-06-15 08:00:00 UTC,,,,18737.60,0.00,1013.21,,
2021-06-15 08:10:00 UTC,,,,18704.00,0.00,1013.20,,
2021-06-15 08:20:00 UTC,,,,18704.00,0.00,1013.18,,
2021-06-15 08:30:00 UTC,,,,18704.00,0.00,1013.31,,
2021-06-15 08:40:00 UTC,,,,18737.60,0.00,1011.64,,
2021-06-15 08:50:00 UTC,,,,18704.00,0.00,1013.31,,
2021-06-15 09:00:00 UTC,,,,18681.60,0.00,1013.44,,
2021-06-15 09:10:00 UTC,,,,18715.20,0.00,1013.48,,
2021-06-15 09:20:00 UTC,,,,18704.00,0.00,1013.47,,
2021-06-15 09:30:00 UTC,,,,18704.00,0.00,1013.50,,
2021-06-15 09:40:00 UTC,,,,18704.00,0.00,1013.59,,
2021-06-15 09:50:00 UTC,,,,18681.60,0.00,1013.60,,
2021-06-15 10:00:00 UTC,,,,18737.60,0.00,1013.65,,
2021-06-15 10:10:00 UTC,,,,18737.60,0.00,1013.76,,
2021-06-15 10:20:00 UTC,,,,18715.20,0.00,1013.87,,
2021-06-15 10:30:00 UTC,,,,18771.20,0.00,1014.01,,
2021-06-15 10:40:00 UTC,,,,18704.00,0.00,1013.88,,
2021-06-15 10:50:00 UTC,,,,18704.00,0.00,1014.08,,
2021-06-15 11:00:00 UTC,,,,18704.00,0.00,1014.13,,
2021-06-15 11:10:00 UTC,,,,18737.60,0.00,1014.16,,
2021-06-15 11:20:00 UTC,,,,18704.00,0.00,1014.19,,
2021-06-15 11:30:00 UTC,,,,18737.60,0.00,1014.28,,
2021-06-15 11:40:00 UTC,,,,18737.60,0.00,1014.10,,
2021-06-15 11:50:00 UTC,,,,18737.60,0.00,1014.21,,
2021-06-15 12:00:00 UTC,,,,18737.60,0.00,1014.30,,
2021-06-15 12:10:00 UTC,,,,18704.00,0.00,1014.38,,
2021-06-15 12:20:00 UTC,,,,18737.60,0.00,1014.38,,
2021-06-15 12:30:00 UTC,,,,18704.00,0.00,1014.41,,
2021-06-15 12:40:00 UTC,,,,18771.20,0.00,1014.50,,
2021-06-15 12:50:00 UTC,,,,18670.40,0.00,1014.48,,
2021-06-15 13:00:00 UTC,,,,18704.00,0.00,1014.45,,
2021-06-15 13:10:00 UTC,,,,18737.60,0.00,1014.49,,
2021-06-15 13:20:00 UTC,,,,18737.60,0.00,1014.56,,
2021-06-15 13:30:00 UTC,,,,18737.60,0.00,1014.63,,
2021-06-15 13:40:00 UTC,,,,18704.00,0.00,1014.70,,
2021-06-15 13:50:00 UTC,,,,18737.60,0.00,1014.73,,
2021-06-15 14:00:00 UTC,,,,18737.60,0.00,1014.81,,
2021-06-15 14:10:00 UTC,,,,18670.40,0.00,1014.94,,
2021-06-15 14:20:00 UTC,,,,18704.00,0.00,1014.84,,
2021-06-15 14:30:00 UTC,,,,18681.60,0.00,1014.95,,
2021-06-15 14:40:00 UTC,,,,18704.00,0.00,1015.21,,
2021-06-15 14:50:00 UTC,,,,18737.60,0.00,1015.22,,
2021-06-15 15:00:00 UTC,,,,18771.20,0.00,1015.30,,
2021-06-15 15:10:00 UTC,,,,18737.60,0.00,1015.39,,
2021-06-15 15:20:00 UTC,,,,18737.60,0.00,1015.56,,
2021-06-15 15:30:00 UTC,,,,18704.00,0.00,1015.66,,
2021-06-15 15:40:00 UTC,,,,18737.60,0.00,1015.80,,
2021-06-15 15:50:00 UTC,,,,18771.20,0.00,1015.85,,
2021-06-15 16:00:00 UTC,,,,18704.00,0.00,1015.91,,
2021-06-15 16:10:00 UTC,,,,18670.40,0.00,1015.99,,
2021-06-15 16:20:00 UTC,,,,18704.00,0.00,1016.11,,
2021-06-15 16:30:00 UTC,,,,18681.60,0.00,1016.14,,
2021-06-15 16:40:00 UTC,,,,18771.20,0.00,1016.21,,
2021-06-15 16:50:00 UTC,,,,18737.60,0.00,1016.21,,
2021-06-15 17:00:00 UTC,,,,18704.00,0.00,1016.31,,
2021-06-15 17:10:00 UTC,,,,18704.00,0.00,1016.42,,
2021-06-15 17:20:00 UTC,,,,18737.60,0.00,1016.45,,
2021-06-15 17:30:00 UTC,,,,18771.20,0.00,1016.54,,
2021-06-15 17:40:00 UTC,,,,18704.00,0.00,1016.50,,
2021-06-15 17:50:00 UTC,,,,18737.60,0.00,1016.74,,
2021-06-15 18:00:00 UTC,,,,18704.00,0.00,1016.80,,
2021-06-15 18:10:00 UTC,,,,18704.00,0.00,1016.92,,
2021-06-15 18:20:00 UTC,,,,18771.20,0.00,1017.07,,
2021-06-15 18:30:00 UTC,,,,18737.60,0.00,1017.20,,
2021-06-15 18:40:00 UTC,,,,18704.00,0.00,1017.30,,
2021-06-15 18:50:00 UTC,,,,18737.60,0.00,1017.34,,
2021-06-15 19:00:00 UTC,,,,18804.80,0.00,1017.34,,
2021-06-15 19:10:00 UTC,,,,18704.00,0.00,1017.38,,
2021-06-15 19:20:00 UTC,,,,18771.20,0.00,1017.48,,
2021-06-15 19:30:00 UTC,,,,18704.00,0.00,1017.51,,
2021-06-15 19:40:00 UTC,,,,18704.00,0.00,1017.55,,
2021-06-15 19:50:00 UTC,,,,18704.00,0.00,1017.56,,
2021-06-15 20:00:00 UTC,,,,18737.60,0.00,1017.56,,
2021-06-15 20:10:00 UTC,,,,18704.00,0.00,1017.66,,
2021-06-15 20:20:00 UTC,,,,18737.60,0.00,1017.69,,
2021-06-15 20:30:00 UTC,,,,18704.00,0.00,1017.76,,
2021-06-15 20:40:00 UTC,,,,18704.00,0.00,1017.83,,
2021-06-15 20:50:00 UTC,,,,18704.00,0.00,1017.87,,
2021-06-15 21:00:00 UTC,,,,18737.60,0.00,1017.98,,
2021-06-15 21:10:00 UTC,,,,18704.00,0.00,1017.97,,
2021-06-15 21:20:00 UTC,,,,18704.00,0.00,1017.97,,
2021-06-15 21:30:00 UTC,,,,18737.60,0.00,1018.22,,
2021-06-15 21:40:00 UTC,,,,18704.00,0.00,1018.29,,
2021-06-15 21:50:00 UTC,,,,18704.00,0.00,1018.46,,
2021-06-15 22:00:00 UTC,,,,18704.00,0.00,1018.64,,
2021-06-15 22:10:00 UTC,,,,18737.60,0.00,1019.01,,
2021-06-15 22:20:00 UTC,,,,18771.20,0.00,1019.03,,
2021-06-15 22:30:00 UTC,,,,18737.60,0.00,1019.13,,
2021-06-15 22:40:00 UTC,,,,18737.60,0.00,1019.24,,
2021-06-15 22:50:00 UTC,,,,18737.60,0.00,1019.38,,
2021-06-15 23:00:00 UTC,,,,18704.00,0.00,1019.29,,
2021-06-15 23:10:00 UTC,,,,18704.00,0.00,1019.45,,
2021-06-15 23:20:00 UTC,,,,18704.00,0.00,1019.49,,
2021-06-15 23:30:00 UTC,,,,18704.00,0.00,1019.47,,
2021-06-15 23:40:00 UTC,,,,18704.00,0.00,1019.51,,
2021-06-15 23:50:00 UTC,,,,18704.00,0.00,1019.49,,,
2021-06-16 00:00:00 UTC,,,,18704.00,0.00,1019.57,,
2021-06-16 00:10:00 UTC,,,,18704.00,0.00,1019.62,,
2021-06-16 00:20:00 UTC,,,,18737.60,0.00,1019.61,,
2021-06-16 00:30:00 UTC,,,,18704.00,0.00,1019.72,,
2021-06-16 00:40:00 UTC,,,,18737.60,0.00,1019.77,,
2021-06-16 00:50:00 UTC,,,,18737.60,0.00,1019.77,,
2021-06-16 01:00:00 UTC,,,,18704.00,0.00,1019.89,,
2021-06-16 01:10:00 UTC,,,,18737.60,0.00,1019.95,,
2021-06-16 01:20:00 UTC,,,,18737.60,0.00,1020.06,,
2021-06-16 01:30:00 UTC,,,,18704.00,0.00,1020.24,,
2021-06-16 01:40:00 UTC,,,,18737.60,0.00,1020.27,,
2021-06-16 01:50:00 UTC,,,,18704.00,0.00,1020.36,,
2021-06-16 02:00:00 UTC,,,,18737.60,0.00,1020.47,,
2021-06-16 02:10:00 UTC,,,,18737.60,0.00,1020.63,,
2021-06-16 02:20:00 UTC,,,,18704.00,0.00,1020.75,,
2021-06-16 02:30:00 UTC,,,,18771.20,0.00,1020.89,,
2021-06-16 02:40:00 UTC,,,,18704.00,0.00,1021.03,,
2021-06-16 02:50:00 UTC,,,,18771.20,0.00,1021.19,,
2021-06-16 03:00:00 UTC,,,,18737.60,0.00,1021.28,,
2021-06-16 03:10:00 UTC,,,,18704.00,0.00,1021.37,,
2021-06-16 03:20:00 UTC,,,,18771.20,0.00,1021.38,,
2021-06-16 03:30:00 UTC,,,,18704.00,0.00,1021.40,,
2021-06-16 03:40:00 UTC,,,,18704.00,0.00,1021.47,,
2021-06-16 03:50:00 UTC,,,,18704.00,0.00,1021.55,,
2021-06-16 04:00:00 UTC,,,,18737.60,0.00,1021.64,,
2021-06-16 04:10:00 UTC,,,,18704.00,0.00,1021.69,,
2021-06-16 04:20:00 UTC,,,,18737.60,0.00,1021.89,,
2021-06-16 04:30:00 UTC,,,,18737.60,0.00,1022.00,,
2021-06-16 04:40:00 UTC,,,,18771.20,0.00,1022.07,,
2021-06-16 04:50:00 UTC,,,,18737.60,0.00,1022.08,,
2021-06-16 05:00:00 UTC,,,,18771.20,0.00,1022.14,,
2021-06-16 05:10:00 UTC,,,,18771.20,0.00,1022.20,,
2021-06-16 05:20:00 UTC,,,,18704.00,0.00,1022.33,,
2021-06-16 05:30:00 UTC,,,,18771.20,0.00,1022.35,,
2021-06-16 05:40:00 UTC,,,,18704.00,0.00,1022.42,,
2021-06-16 05:50:00 UTC,,,,18737.60,0.00,1022.51,,
2021-06-16 06:00:00 UTC,,,,18737.60,0.00,1022.67,,
2021-06-16 06:10:00 UTC,,,,18737.60,0.00,1022.73,,
2021-06-16 06:20:00 UTC,,,,18704.00,0.00,1022.74,,
2021-06-16 06:30:00 UTC,,,,18704.00,0.00,1022.71,,
2021-06-16 06:40:00 UTC,,,,18704.00,0.00,1022.65,,
2021-06-16 06:50:00 UTC,,,,18704.00,0.00,1022.69,,
2021-06-16 07:00:00 UTC,,,,18771.20,0.00,1022.66,,
2021-06-16 07:10:00 UTC,,,,18704.00,0.00,1022.69,,
2021-06-16 07:20:00 UTC,,,,18704.00,0.00,1022.64,,
2021-06-16 07:30:00 UTC,,,,18737.60,0.00,1022.71,,
2021-06-16 07:40:00 UTC,,,,18771.20,0.00,1022.63,,
2021-06-16 07:50:00 UTC,,,,18737.60,0.00,1022.57,,
2021-06-16 08:00:00 UTC,,,,18737.60,0.00,1022.52,,
2021-06-16 08:10:00 UTC,,,,18704.00,0.00,1022.54,,
2021-06-16 08:20:00 UTC,,,,18737.60,0.00,1022.69,,
2021-06-16 08:30:00 UTC,,,,18681.60,0.00,1022.63,,
2021-06-16 08:40:00 UTC,,,,18737.60,0.00,1022.58,,
2021-06-16 08:50:00 UTC,,,,18737.60,0.00,1022.50,,
2021-06-16 09:00:00 UTC,,,,18704.00,0.00,1022.40,,
2021-06-16 09:10:00 UTC,,,,18670.40,0.00,1021.88,,
2021-06-16 09:20:00 UTC,,,,18704.00,0.00,1022.29,,
2021-06-16 09:30:00 UTC,,,,18737.60,0.00,1022.31,,
2021-06-16 09:40:00 UTC,,,,18704.00,0.00,1022.29,,
2021-06-16 09:50:00 UTC,,,,18737.60,0.00,1021.86,,
2021-06-16 10:00:00 UTC,,,,18704.00,0.00,1022.00,,
2021-06-16 10:10:00 UTC,,,,18771.20,0.00,1021.97,,
2021-06-16 10:20:00 UTC,,,,18704.00,0.00,1022.23,,
2021-06-16 10:30:00 UTC,,,,18737.60,0.00,1022.30,,
2021-06-16 10:40:00 UTC,,,,18737.60,0.00,1022.30,,
2021-06-16 10:50:00 UTC,,,,18704.00,0.00,1022.14,,
2021-06-16 11:00:00 UTC,,,,18737.60,0.00,1022.14,,
2021-06-16 11:10:00 UTC,,,,18670.40,0.00,1022.20,,
2021-06-16 11:20:00 UTC,,,,18737.60,0.00,1022.27,,
2021-06-16 11:30:00 UTC,,,,18737.60,0.00,1022.29,,
2021-06-16 11:40:00 UTC,,,,18704.00,0.00,1022.25,,
2021-06-16 11:50:00 UTC,,,,18704.00,0.00,1022.23,,
2021-06-16 12:00:00 UTC,,,,18704.00,0.00,1022.21,,
2021-06-16 12:10:00 UTC,,,,18670.40,0.00,1022.18,,
2021-06-16 12:20:00 UTC,,,,18704.00,0.00,1022.03,,
2021-06-16 12:30:00 UTC,,,,18737.60,0.00,1022.21,,
2021-06-16 12:40:00 UTC,,,,18737.60,0.00,1022.07,,
2021-06-16 12:50:00 UTC,,,,18771.20,0.00,1021.98,,
2021-06-16 13:00:00 UTC,,,,18704.00,0.00,1021.88,,
2021-06-16 13:10:00 UTC,,,,18670.40,0.00,1021.52,,
2021-06-16 13:20:00 UTC,,,,18670.40,0.00,1021.97,,
2021-06-16 13:30:00 UTC,,,,18704.00,0.00,1021.93,,
2021-06-16 13:40:00 UTC,,,,18737.60,0.00,1021.92,,
2021-06-16 13:50:00 UTC,,,,18704.00,0.00,1021.88,,
2021-06-16 14:00:00 UTC,,,,18704.00,0.00,1021.54,,
2021-06-16 14:10:00 UTC,,,,18704.00,0.00,1021.83,,
2021-06-16 14:20:00 UTC,,,,18771.20,0.00,1021.77,,
2021-06-16 14:30:00 UTC,,,,18704.00,0.00,1021.74,,
2021-06-16 14:40:00 UTC,,,,18704.00,0.00,1021.72,,
2021-06-16 14:50:00 UTC,,,,18704.00,0.00,1021.70,,
2021-06-16 15:00:00 UTC,,,,18704.00,0.00,1021.76,,
2021-06-16 15:10:00 UTC,,,,18737.60,0.00,1021.77,,
2021-06-16 15:20:00 UTC,,,,18737.60,0.00,1021.78,,
2021-06-16 15:30:00 UTC,,,,18704.00,0.00,1021.74,,
2021-06-16 15:40:00 UTC,,,,18704.00,0.00,1021.55,,
2021-06-16 15:50:00 UTC,,,,18704.00,0.00,1021.23,,
2021-06-16 16:00:00 UTC,,,,18704.00,0.00,1020.26,,
2021-06-16 16:10:00 UTC,,,,18636.80,0.00,1021.28,,
2021-06-16 16:20:00 UTC,,,,18737.60,0.00,1021.31,,
2021-06-16 16:30:00 UTC,,,,18737.60,0.00,1021.32,,
2021-06-16 16:40:00 UTC,,,,18737.60,0.00,1021.04,,
2021-06-16 16:50:00 UTC,,,,18704.00,0.00,1021.18,,
2021-06-16 17:00:00 UTC,,,,18737.60,0.00,1021.02,,
2021-06-16 17:10:00 UTC,,,,18704.00,0.00,1020.86,,
2021-06-16 17:20:00 UTC,,,,18704.00,0.00,1020.59,,
2021-06-16 17:30:00 UTC,,,,18704.00,0.00,1020.58,,
2021-06-16 17:40:00 UTC,,,,18737.60,0.00,1020.44,,
2021-06-16 17:50:00 UTC,,,,18704.00,0.00,1020.36,,
2021-06-16 18:00:00 UTC,,,,18737.60,0.00,1020.12,,
2021-06-16 18:10:00 UTC,,,,18737.60,0.00,1020.08,,
2021-06-16 18:20:00 UTC,,,,18737.60,0.00,1019.80,,
2021-06-16 18:30:00 UTC,,,,18737.60,0.00,1019.51,,
2021-06-16 18:40:00 UTC,,,,18704.00,0.00,1019.71,,
2021-06-16 18:50:00 UTC,,,,18737.60,0.00,1019.55,,
2021-06-16 19:00:00 UTC,,,,18704.00,0.00,1019.43,,
2021-06-16 19:10:00 UTC,,,,18704.00,0.00,1019.31,,
2021-06-16 19:20:00 UTC,,,,18737.60,0.00,1019.07,,
2021-06-16 19:30:00 UTC,,,,18704.00,0.00,1019.00,,
2021-06-16 19:40:00 UTC,,,,18704.00,0.00,1018.79,,
2021-06-16 19:50:00 UTC,,,,18737.60,0.00,1018.67,,
2021-06-16 20:00:00 UTC,,,,18737.60,0.00,1018.52,,
2021-06-16 20:10:00 UTC,,,,18704.00,0.00,1018.42,,
2021-06-16 20:20:00 UTC,,,,18771.20,0.00,1018.30,,
2021-06-16 20:30:00 UTC,,,,18704.00,0.00,1018.14,,
2021-06-16 20:40:00 UTC,,,,18771.20,0.00,1018.00,,
2021-06-16 20:50:00 UTC,,,,18737.60,0.00,1017.94,,
2021-06-16 21:00:00 UTC,,,,18704.00,0.00,1017.74,,
2021-06-16 21:10:00 UTC,,,,18704.00,0.00,1017.87,,
2021-06-16 21:20:00 UTC,,,,18771.20,0.00,1017.83,,
2021-06-16 21:30:00 UTC,,,,18737.60,0.00,1017.71,,
2021-06-16 21:40:00 UTC,,,,18737.60,0.00,1017.52,,
2021-06-16 21:50:00 UTC,,,,18704.00,0.00,1017.39,,
2021-06-16 22:00:00 UTC,,,,18704.00,0.00,1017.29,,
2021-06-16 22:10:00 UTC,,,,18670.40,0.00,1017.17,,
2021-06-16 22:20:00 UTC,,,,18737.60,0.00,1017.05,,
2021-06-16 22:30:00 UTC,,,,18737.60,0.00,1017.01,,
2021-06-16 22:40:00 UTC,,,,18704.00,0.00,1016.97,,
2021-06-16 22:50:00 UTC,,,,18704.00,0.00,1016.80,,
2021-06-16 23:00:00 UTC,,,,18737.60,0.00,1016.79,,
2021-06-16 23:10:00 UTC,,,,18771.20,0.00,1016.68,,
2021-06-16 23:20:00 UTC,,,,18704.00,0.00,1016.62,,
2021-06-16 23:30:00 UTC,,,,18704.00,0.00,1016.50,,
2021-06-16 23:40:00 UTC,,,,18737.60,0.00,1016.41,,
2021-06-16 23:50:00 UTC,,,,18737.60,0.00,1016.35,,,
2021-06-17 00:00:00 UTC,,,,18704.00,0.00,1016.21,,
2021-06-17 00:10:00 UTC,,,,18704.00,0.00,1016.15,,
2021-06-17 00:20:00 UTC,,,,18704.00,0.00,1016.06,,
2021-06-17 00:30:00 UTC,,,,18737.60,0.00,1016.01,,
2021-06-17 00:40:00 UTC,,,,18737.60,0.00,1015.88,,
2021-06-17 00:50:00 UTC,,,,18704.00,0.00,1015.62,,
2021-06-17 01:00:00 UTC,,,,18704.00,0.00,1015.64,,
2021-06-17 01:10:00 UTC,,,,18636.80,0.00,1015.58,,
2021-06-17 01:20:00 UTC,,,,18704.00,0.00,1015.53,,
2021-06-17 01:30:00 UTC,,,,18704.00,0.00,1015.44,,
2021-06-17 01:40:00 UTC,,,,18737.60,0.00,1015.35,,
2021-06-17 01:50:00 UTC,,,,18704.00,0.00,1015.28,,
2021-06-17 02:00:00 UTC,,,,18704.00,0.00,1015.27,,
2021-06-17 02:10:00 UTC,,,,18704.00,0.00,1015.25,,
2021-06-17 02:20:00 UTC,,,,18704.00,0.00,1014.49,,
2021-06-17 02:30:00 UTC,,,,18704.00,0.00,1015.20,,
2021-06-17 02:40:00 UTC,,,,18737.60,0.00,1015.21,,
2021-06-17 02:50:00 UTC,,,,18704.00,0.00,1015.18,,
2021-06-17 03:00:00 UTC,,,,18737.60,0.00,1015.20,,
2021-06-17 03:10:00 UTC,,,,18636.80,0.00,1015.18,,
2021-06-17 03:20:00 UTC,,,,18737.60,0.00,1015.16,,
2021-06-17 03:30:00 UTC,,,,18737.60,0.00,1015.05,,
2021-06-17 03:40:00 UTC,,,,18704.00,0.00,1015.27,,
2021-06-17 03:50:00 UTC,,,,18737.60,0.00,1015.31,,
2021-06-17 04:00:00 UTC,,,,18737.60,0.00,1015.36,,
2021-06-17 04:10:00 UTC,,,,18670.40,0.00,1015.37,,
2021-06-17 04:20:00 UTC,,,,18704.00,0.00,1015.47,,
2021-06-17 04:30:00 UTC,,,,18737.60,0.00,1015.54,,
2021-06-17 04:40:00 UTC,,,,18704.00,0.00,1015.59,,
2021-06-17 04:50:00 UTC,,,,18704.00,0.00,1015.57,,
2021-06-17 05:00:00 UTC,,,,18748.80,0.00,1015.64,,
2021-06-17 05:10:00 UTC,,,,18737.60,0.00,1015.60,,
2021-06-17 05:20:00 UTC,,,,18804.80,0.00,1015.66,,
2021-06-17 05:30:00 UTC,,,,18704.00,0.00,1015.69,,
2021-06-17 05:40:00 UTC,,,,18704.00,0.00,1015.65,,
2021-06-17 05:50:00 UTC,,,,18704.00,0.00,1015.61,,
2021-06-17 06:00:00 UTC,,,,18704.00,0.00,1015.64,,
2021-06-17 06:10:00 UTC,,,,18704.00,0.00,1015.63,,
2021-06-17 06:20:00 UTC,,,,18704.00,0.00,1015.62,,
2021-06-17 06:30:00 UTC,,,,18771.20,0.00,1015.61,,
2021-06-17 06:40:00 UTC,,,,18737.60,0.00,1015.62,,
2021-06-17 06:50:00 UTC,,,,18737.60,0.00,1015.63,,
2021-06-17 07:00:00 UTC,,,,18704.00,0.00,1015.65,,
2021-06-17 07:10:00 UTC,,,,18704.00,0.00,1015.68,,
2021-06-17 07:20:00 UTC,,,,18737.60,0.00,1015.63,,
2021-06-17 07:30:00 UTC,,,,18704.00,0.00,1015.64,,
2021-06-17 07:40:00 UTC,,,,18704.00,0.00,1015.69,,
2021-06-17 07:50:00 UTC,,,,18704.00,0.00,1015.66,,
2021-06-17 08:00:00 UTC,,,,18704.00,0.00,1015.62,,
2021-06-17 08:10:00 UTC,,,,18704.00,0.00,1015.67,,
2021-06-17 08:20:00 UTC,,,,18737.60,0.00,1015.55,,
2021-06-17 08:30:00 UTC,,,,18737.60,0.00,1015.62,,
2021-06-17 08:40:00 UTC,,,,18704.00,0.00,1015.64,,
2021-06-17 08:50:00 UTC,,,,18737.60,0.00,1015.52,,
2021-06-17 09:00:00 UTC,,,,18737.60,0.00,1015.62,,
2021-06-17 09:10:00 UTC,,,,18670.40,0.00,1015.46,,
2021-06-17 09:20:00 UTC,,,,18737.60,0.00,1015.56,,
2021-06-17 09:30:00 UTC,,,,18704.00,0.00,1015.53,,
2021-06-17 09:40:00 UTC,,,,18737.60,0.00,1015.52,,
2021-06-17 09:50:00 UTC,,,,18704.00,0.00,1015.54,,
2021-06-17 10:00:00 UTC,,,,18704.00,0.00,1015.37,,
2021-06-17 10:10:00 UTC,,,,18670.40,0.00,1015.50,,
2021-06-17 10:20:00 UTC,,,,18704.00,0.00,1015.53,,
2021-06-17 10:30:00 UTC,,,,18737.60,0.00,1015.56,,
2021-06-17 10:40:00 UTC,,,,18771.20,0.00,1015.60,,
2021-06-17 10:50:00 UTC,,,,18704.00,0.00,1015.52,,
2021-06-17 11:00:00 UTC,,,,18737.60,0.00,1015.69,,
2021-06-17 11:10:00 UTC,,,,18704.00,0.00,1015.68,,
2021-06-17 11:20:00 UTC,,,,18704.00,0.00,1015.67,,
2021-06-17 11:30:00 UTC,,,,18704.00,0.00,1015.65,,
2021-06-17 11:40:00 UTC,,,,18737.60,0.00,1015.50,,
2021-06-17 11:50:00 UTC,,,,18771.20,0.00,1015.74,,
2021-06-17 12:00:00 UTC,,,,18804.80,0.00,1015.68,,
2021-06-17 12:10:00 UTC,,,,18704.00,0.00,1015.88,,
2021-06-17 12:20:00 UTC,,,,18737.60,0.00,1015.96,,
2021-06-17 12:30:00 UTC,,,,18704.00,0.00,1016.08,,
2021-06-17 12:40:00 UTC,,,,18704.00,0.00,1015.67,,
2021-06-17 12:50:00 UTC,,,,18737.60,0.00,1016.16,,
2021-06-17 13:00:00 UTC,,,,18704.00,0.00,1016.19,,
2021-06-17 13:10:00 UTC,,,,18737.60,0.00,1016.04,,
2021-06-17 13:20:00 UTC,,,,18704.00,0.00,1016.11,,
2021-06-17 13:30:00 UTC,,,,18704.00,0.00,1016.34,,
2021-06-17 13:40:00 UTC,,,,18704.00,0.00,1016.36,,
2021-06-17 13:50:00 UTC,,,,18704.00,0.00,1016.44,,
2021-06-17 14:00:00 UTC,,,,18704.00,0.00,1016.41,,
2021-06-17 14:10:00 UTC,,,,18704.00,0.00,1016.40,,
2021-06-17 14:20:00 UTC,,,,18737.60,0.00,1016.41,,
2021-06-17 14:30:00 UTC,,,,18737.60,0.00,1016.48,,
2021-06-17 14:40:00 UTC,,,,18704.00,0.00,1016.51,,
2021-06-17 14:50:00 UTC,,,,18704.00,0.00,1016.54,,
2021-06-17 15:00:00 UTC,,,,18737.60,0.00,1016.61,,
2021-06-17 15:10:00 UTC,,,,18704.00,0.00,1016.59,,
2021-06-17 15:20:00 UTC,,,,18704.00,0.00,1016.55,,
2021-06-17 15:30:00 UTC,,,,18704.00,0.00,1016.47,,
2021-06-17 15:40:00 UTC,,,,18704.00,0.00,1016.43,,
2021-06-17 15:50:00 UTC,,,,18737.60,0.00,1016.42,,
2021-06-17 16:00:00 UTC,,,,18704.00,0.00,1016.27,,
2021-06-17 16:10:00 UTC,,,,18737.60,0.00,1016.29,,
2021-06-17 16:20:00 UTC,,,,18704.00,0.00,1016.36,,
2021-06-17 16:30:00 UTC,,,,18737.60,0.00,1016.16,,
2021-06-17 16:40:00 UTC,,,,18704.00,0.00,1016.32,,
2021-06-17 16:50:00 UTC,,,,18704.00,0.00,1016.26,,
2021-06-17 17:00:00 UTC,,,,18737.60,0.00,1016.23,,
2021-06-17 17:10:00 UTC,,,,18704.00,0.00,1016.11,,
2021-06-17 17:20:00 UTC,,,,18737.60,0.00,1016.10,,
2021-06-17 17:30:00 UTC,,,,18737.60,0.00,1016.08,,
2021-06-17 17:40:00 UTC,,,,18704.00,0.00,1016.15,,
2021-06-17 17:50:00 UTC,,,,18704.00,0.00,1015.92,,
2021-06-17 18:00:00 UTC,,,,18704.00,0.00,1016.00,,
2021-06-17 18:10:00 UTC,,,,18670.40,0.00,1015.89,,
2021-06-17 18:20:00 UTC,,,,18704.00,0.00,1015.63,,
2021-06-17 18:30:00 UTC,,,,18704.00,0.00,1015.78,,
2021-06-17 18:40:00 UTC,,,,18704.00,0.00,1015.69,,
2021-06-17 18:50:00 UTC,,,,18704.00,0.00,1015.56,,
2021-06-17 19:00:00 UTC,,,,18704.00,0.00,1015.49,,
2021-06-17 19:10:00 UTC,,,,18771.20,0.00,1015.42,,
2021-06-17 19:20:00 UTC,,,,18704.00,0.00,1015.35,,
2021-06-17 19:30:00 UTC,,,,18737.60,0.00,1015.28,,
2021-06-17 19:40:00 UTC,,,,18771.20,0.00,1015.14,,
2021-06-17 19:50:00 UTC,,,,18737.60,0.00,1015.07,,
2021-06-17 20:00:00 UTC,,,,18737.60,0.00,1014.94,,
2021-06-17 20:10:00 UTC,,,,18704.00,0.00,1014.78,,
2021-06-17 20:20:00 UTC,,,,18737.60,0.00,1014.68,,
2021-06-17 20:30:00 UTC,,,,18704.00,0.00,1014.33,,
2021-06-17 20:40:00 UTC,,,,18771.20,0.00,1014.54,,
2021-06-17 20:50:00 UTC,,,,18737.60,0.00,1014.43,,
2021-06-17 21:00:00 UTC,,,,18737.60,0.00,1014.33,,
2021-06-17 21:10:00 UTC,,,,18670.40,0.00,1014.19,,
2021-06-17 21:20:00 UTC,,,,18737.60,0.00,1014.09,,
2021-06-17 21:30:00 UTC,,,,18737.60,0.00,1013.73,,
2021-06-17 21:40:00 UTC,,,,18704.00,0.00,1013.81,,
2021-06-17 21:50:00 UTC,,,,18771.20,0.00,1013.69,,
2021-06-17 22:00:00 UTC,,,,18704.00,0.00,1013.51,,
2021-06-17 22:10:00 UTC,,,,18670.40,0.00,1013.45,,
2021-06-17 22:20:00 UTC,,,,18704.00,0.00,1013.40,,
2021-06-17 22:30:00 UTC,,,,18704.00,0.00,1013.26,,
2021-06-17 22:40:00 UTC,,,,18737.60,0.00,1013.12,,
2021-06-17 22:50:00 UTC,,,,18737.60,0.00,1013.02,,
2021-06-17 23:00:00 UTC,,,,18704.00,0.00,1012.98,,
2021-06-17 23:10:00 UTC,,,,18704.00,0.00,1012.84,,
2021-06-17 23:20:00 UTC,,,,18704.00,0.00,1012.78,,
2021-06-17 23:30:00 UTC,,,,18737.60,0.00,1012.75,,
2021-06-17 23:40:00 UTC,,,,18737.60,0.00,1012.73,,
2021-06-17 23:50:00 UTC,,,,18704.00,0.00,1012.52,,,
2021-06-18 00:00:00 UTC,,,,18704.00,0.00,1012.57,,
2021-06-18 00:10:00 UTC,,,,18636.80,0.00,1012.52,,
2021-06-18 00:20:00 UTC,,,,18704.00,0.00,1012.42,,
2021-06-18 00:30:00 UTC,,,,18704.00,0.00,1012.33,,
2021-06-18 00:40:00 UTC,,,,18737.60,0.00,1012.23,,
2021-06-18 00:50:00 UTC,,,,18681.60,0.00,1012.09,,
2021-06-18 01:00:00 UTC,,,,18704.00,0.00,1012.01,,
2021-06-18 01:10:00 UTC,,,,18704.00,0.00,1011.91,,
2021-06-18 01:20:00 UTC,,,,18704.00,0.00,1011.76,,
2021-06-18 01:30:00 UTC,,,,18737.60,0.00,1011.67,,
2021-06-18 01:40:00 UTC,,,,18737.60,0.00,1011.58,,
2021-06-18 01:50:00 UTC,,,,18737.60,0.00,1011.43,,
2021-06-18 02:00:00 UTC,,,,18704.00,0.00,1011.32,,
2021-06-18 02:10:00 UTC,,,,18704.00,0.00,1011.27,,
2021-06-18 02:20:00 UTC,,,,18737.60,0.00,1011.23,,
2021-06-18 02:30:00 UTC,,,,18737.60,0.00,1011.19,,
2021-06-18 02:40:00 UTC,,,,18704.00,0.00,1011.20,,
2021-06-18 02:50:00 UTC,,,,18704.00,0.00,1011.19,,
2021-06-18 03:00:00 UTC,,,,18704.00,0.00,1011.19,,
2021-06-18 03:10:00 UTC,,,,18704.00,0.00,1011.24,,
2021-06-18 03:20:00 UTC,,,,18737.60,0.00,1011.35,,
2021-06-18 03:30:00 UTC,,,,18704.00,0.00,1011.39,,
2021-06-18 03:40:00 UTC,,,,18704.00,0.00,1011.22,,
2021-06-18 03:50:00 UTC,,,,18704.00,0.00,1011.41,,
2021-06-18 04:00:00 UTC,,,,18737.60,0.00,1011.55,,
2021-06-18 04:10:00 UTC,,,,18737.60,0.00,1011.59,,
2021-06-18 04:20:00 UTC,,,,18704.00,0.00,1011.51,,
2021-06-18 04:30:00 UTC,,,,18704.00,0.00,1011.82,,
2021-06-18 04:40:00 UTC,,,,18737.60,0.00,1011.88,,
2021-06-18 04:50:00 UTC,,,,18737.60,0.00,1011.90,,
2021-06-18 05:00:00 UTC,,,,18704.00,0.00,1012.05,,
2021-06-18 05:10:00 UTC,,,,18670.40,0.00,1012.00,,
2021-06-18 05:20:00 UTC,,,,18771.20,0.00,1012.21,,
2021-06-18 05:30:00 UTC,,,,18704.00,0.00,1012.16,,
2021-06-18 05:40:00 UTC,,,,18704.00,0.00,1012.41,,
2021-06-18 05:50:00 UTC,,,,18704.00,0.00,1012.44,,
2021-06-18 06:00:00 UTC,,,,18771.20,0.00,1012.45,,
2021-06-18 06:10:00 UTC,,,,18704.00,0.00,1012.50,,
2021-06-18 06:20:00 UTC,,,,18771.20,0.00,1012.59,,
2021-06-18 06:30:00 UTC,,,,18704.00,0.00,1012.66,,
2021-06-18 06:40:00 UTC,,,,18704.00,0.00,1012.74,,
2021-06-18 06:50:00 UTC,,,,18704.00,0.00,1012.77,,
2021-06-18 07:00:00 UTC,,,,18737.60,0.00,1012.80,,
2021-06-18 07:10:00 UTC,,,,18704.00,0.00,1012.78,,
2021-06-18 07:20:00 UTC,,,,18737.60,0.00,1012.85,,
2021-06-18 07:30:00 UTC,,,,18737.60,0.00,1012.87,,
2021-06-18 07:40:00 UTC,,,,18704.00,0.00,1012.87,,
2021-06-18 07:50:00 UTC,,,,18737.60,0.00,1012.84,,
2021-06-18 08:00:00 UTC,,,,18737.60,0.00,1012.91,,
2021-06-18 08:10:00 UTC,,,,18670.40,0.00,1013.02,,
2021-06-18 08:20:00 UTC,,,,18704.00,0.00,1012.99,,
2021-06-18 08:30:00 UTC,,,,18748.80,0.00,1012.88,,
2021-06-18 08:40:00 UTC,,,,18704.00,0.00,1013.02,,
2021-06-18 08:50:00 UTC,,,,18737.60,0.00,1013.02,,
2021-06-18 09:00:00 UTC,,,,18704.00,0.00,1013.01,,
2021-06-18 09:10:00 UTC,,,,18737.60,0.00,1012.97,,
2021-06-18 09:20:00 UTC,,,,18737.60,0.00,1012.98,,
2021-06-18 09:30:00 UTC,,,,18704.00,0.00,1013.09,,
2021-06-18 09:40:00 UTC,,,,18737.60,0.00,1013.08,,
2021-06-18 09:50:00 UTC,,,,18704.00,0.00,1013.04,,
2021-06-18 10:00:00 UTC,,,,18737.60,0.00,1012.91,,
2021-06-18 10:10:00 UTC,,,,18737.60,0.00,1013.04,,
2021-06-18 10:20:00 UTC,,,,18771.20,0.00,1013.07,,
2021-06-18 10:30:00 UTC,,,,18737.60,0.00,1013.13,,
2021-06-18 10:40:00 UTC,,,,18704.00,0.00,1012.02,,
2021-06-18 10:50:00 UTC,,,,18737.60,0.00,1013.16,,
2021-06-18 11:00:00 UTC,,,,18771.20,0.00,1013.16,,
2021-06-18 11:10:00 UTC,,,,18704.00,0.00,1013.11,,
2021-06-18 11:20:00 UTC,,,,18704.00,0.00,1013.34,,
2021-06-18 11:30:00 UTC,,,,18737.60,0.00,1013.38,,
2021-06-18 11:40:00 UTC,,,,18704.00,0.00,1013.33,,
2021-06-18 11:50:00 UTC,,,,18704.00,0.00,1013.41,,
2021-06-18 12:00:00 UTC,,,,18704.00,0.00,1013.47,,
2021-06-18 12:10:00 UTC,,,,18670.40,0.00,1009.19,,
2021-06-18 12:20:00 UTC,,,,18737.60,0.00,1013.48,,
2021-06-18 12:30:00 UTC,,,,18704.00,0.00,1013.60,,
2021-06-18 12:40:00 UTC,,,,18704.00,0.00,1013.65,,
2021-06-18 12:50:00 UTC,,,,18771.20,0.00,1013.60,,
2021-06-18 13:00:00 UTC,,,,18737.60,0.00,1013.79,,
2021-06-18 13:10:00 UTC,,,,18670.40,0.00,1013.86,,
2021-06-18 13:20:00 UTC,,,,18737.60,0.00,1013.95,,
2021-06-18 13:30:00 UTC,,,,18704.00,0.00,1013.86,,
2021-06-18 13:40:00 UTC,,,,18737.60,0.00,1014.11,,
2021-06-18 13:50:00 UTC,,,,18704.00,0.00,1014.13,,
2021-06-18 14:00:00 UTC,,,,18771.20,0.00,1014.15,,
2021-06-18 14:10:00 UTC,,,,18704.00,0.00,1014.12,,
2021-06-18 14:20:00 UTC,,,,18704.00,0.00,1014.10,,
2021-06-18 14:30:00 UTC,,,,18704.00,0.00,1013.61,,
2021-06-18 14:40:00 UTC,,,,18704.00,0.00,1014.15,,
2021-06-18 14:50:00 UTC,,,,18737.60,0.00,1014.13,,
2021-06-18 15:00:00 UTC,,,,18737.60,0.00,1014.16,,
2021-06-18 15:10:00 UTC,,,,18771.20,0.00,1014.11,,
2021-06-18 15:20:00 UTC,,,,18704.00,0.00,1014.09,,
2021-06-18 15:30:00 UTC,,,,18704.00,0.00,1014.10,,
2021-06-18 15:40:00 UTC,,,,18704.00,0.00,1014.12,,
2021-06-18 15:50:00 UTC,,,,18737.60,0.00,1014.13,,
2021-06-18 16:00:00 UTC,,,,18704.00,0.00,1014.12,,
2021-06-18 16:10:00 UTC,,,,18704.00,0.00,1014.00,,
2021-06-18 16:20:00 UTC,,,,18704.00,0.00,1014.02,,
2021-06-18 16:30:00 UTC,,,,18704.00,0.00,1013.99,,
2021-06-18 16:40:00 UTC,,,,18704.00,0.00,1013.97,,
2021-06-18 16:50:00 UTC,,,,18737.60,0.00,1013.90,,
2021-06-18 17:00:00 UTC,,,,18737.60,0.00,1013.70,,
2021-06-18 17:10:00 UTC,,,,18771.20,0.00,1013.73,,
2021-06-18 17:20:00 UTC,,,,18704.00,0.00,1013.69,,
2021-06-18 17:30:00 UTC,,,,18704.00,0.00,1013.68,,
2021-06-18 17:40:00 UTC,,,,18737.60,0.00,1013.68,,
2021-06-18 17:50:00 UTC,,,,18771.20,0.00,1013.54,,
2021-06-18 18:00:00 UTC,,,,18704.00,0.00,1013.63,,
2021-06-18 18:10:00 UTC,,,,18670.40,0.00,1013.47,,
2021-06-18 18:20:00 UTC,,,,18804.80,0.00,1013.48,,
2021-06-18 18:30:00 UTC,,,,18704.00,0.00,1013.31,,
2021-06-18 18:40:00 UTC,,,,18704.00,0.00,1013.14,,
2021-06-18 18:50:00 UTC,,,,18737.60,0.00,1012.85,,
2021-06-18 19:00:00 UTC,,,,18737.60,0.00,1012.91,,
2021-06-18 19:10:00 UTC,,,,18670.40,0.00,1012.83,,
2021-06-18 19:20:00 UTC,,,,18704.00,0.00,1012.73,,
2021-06-18 19:30:00 UTC,,,,18737.60,0.00,1012.85,,
2021-06-18 19:40:00 UTC,,,,18704.00,0.00,1012.71,,
2021-06-18 19:50:00 UTC,,,,18704.00,0.00,1012.57,,
2021-06-18 20:00:00 UTC,,,,18704.00,0.00,1012.48,,
2021-06-18 20:10:00 UTC,,,,18636.80,0.00,1012.25,,
2021-06-18 20:20:00 UTC,,,,18704.00,0.00,1012.28,,
2021-06-18 20:30:00 UTC,,,,18704.00,0.00,1012.15,,
2021-06-18 20:40:00 UTC,,,,18704.00,0.00,1012.12,,
2021-06-18 20:50:00 UTC,,,,18737.60,0.00,1012.14,,
2021-06-18 21:00:00 UTC,,,,18737.60,0.00,1012.04,,
2021-06-18 21:10:00 UTC,,,,18737.60,0.00,1011.97,,
2021-06-18 21:20:00 UTC,,,,18737.60,0.00,1011.86,,
2021-06-18 21:30:00 UTC,,,,18737.60,0.00,1011.83,,
2021-06-18 21:40:00 UTC,,,,18737.60,0.00,1011.69,,
2021-06-18 21:50:00 UTC,,,,18737.60,0.00,1011.66,,
2021-06-18 22:00:00 UTC,,,,18737.60,0.00,1011.61,,
2021-06-18 22:10:00 UTC,,,,18746.00,0.00,1011.53,,
2021-06-18 22:20:00 UTC,,,,18732.00,0.00,1011.46,,
2021-06-18 22:30:00 UTC,,,,18704.00,0.00,1011.17,,
2021-06-18 22:40:00 UTC,,,,18704.00,0.00,1010.74,,
2021-06-18 22:50:00 UTC,,,,18704.00,0.00,1011.33,,
2021-06-18 23:00:00 UTC,,,,18737.60,0.00,1011.23,,
2021-06-18 23:10:00 UTC,,,,18704.00,0.00,1011.16,,
2021-06-18 23:20:00 UTC,,,,18737.60,0.00,1011.06,,
2021-06-18 23:30:00 UTC,,,,18737.60,0.00,1011.02,,
2021-06-18 23:40:00 UTC,,,,18704.00,0.00,1010.93,,
2021-06-18 23:50:00 UTC,,,,18704.00,0.00,1010.87,,,
2021-06-19 00:00:00 UTC,,,,18704.00,0.00,1010.80,,
2021-06-19 00:10:00 UTC,,,,18704.00,0.00,1010.76,,
2021-06-19 00:20:00 UTC,,,,18737.60,0.00,1010.75,,
2021-06-19 00:30:00 UTC,,,,18704.00,0.00,1010.76,,
2021-06-19 00:40:00 UTC,,,,18737.60,0.00,1010.67,,
2021-06-19 00:50:00 UTC,,,,18737.60,0.00,1010.68,,
2021-06-19 01:00:00 UTC,,,,18704.00,0.00,1010.68,,
2021-06-19 01:10:00 UTC,,,,18704.00,0.00,1010.65,,
2021-06-19 01:20:00 UTC,,,,18737.60,0.00,1010.56,,
2021-06-19 01:30:00 UTC,,,,18737.60,0.00,1010.63,,
2021-06-19 01:40:00 UTC,,,,18704.00,0.00,1010.62,,
2021-06-19 01:50:00 UTC,,,,18704.00,0.00,1010.67,,
2021-06-19 02:00:00 UTC,,,,18704.00,0.00,1010.75,,
2021-06-19 02:10:00 UTC,,,,18670.40,0.00,1010.83,,
2021-06-19 02:20:00 UTC,,,,18704.00,0.00,1010.86,,
2021-06-19 02:30:00 UTC,,,,18704.00,0.00,1010.90,,
2021-06-19 02:40:00 UTC,,,,18704.00,0.00,1010.93,,
2021-06-19 02:50:00 UTC,,,,18704.00,0.00,1011.02,,
2021-06-19 03:00:00 UTC,,,,18704.00,0.00,1011.13,,
2021-06-19 03:10:00 UTC,,,,18704.00,0.00,1011.02,,
2021-06-19 03:20:00 UTC,,,,18704.00,0.00,1011.27,,
2021-06-19 03:30:00 UTC,,,,18737.60,0.00,1011.37,,
2021-06-19 03:40:00 UTC,,,,18737.60,0.00,1011.46,,
2021-06-19 03:50:00 UTC,,,,18704.00,0.00,1011.52,,
2021-06-19 04:00:00 UTC,,,,18704.00,0.00,1011.55,,
2021-06-19 04:10:00 UTC,,,,18670.40,0.00,1011.68,,
2021-06-19 04:20:00 UTC,,,,18704.00,0.00,1011.88,,
2021-06-19 04:30:00 UTC,,,,18737.60,0.00,1011.89,,
2021-06-19 04:40:00 UTC,,,,18737.60,0.00,1012.10,,
2021-06-19 04:50:00 UTC,,,,18737.60,0.00,1012.34,,
2021-06-19 05:00:00 UTC,,,,18771.20,0.00,1012.47,,
2021-06-19 05:10:00 UTC,,,,18670.40,0.00,1012.05,,
2021-06-19 05:20:00 UTC,,,,18704.00,0.00,1012.63,,
2021-06-19 05:30:00 UTC,,,,18737.60,0.00,1012.65,,
2021-06-19 05:40:00 UTC,,,,18771.20,0.00,1012.75,,
2021-06-19 05:50:00 UTC,,,,18737.60,0.00,1012.83,,
2021-06-19 06:00:00 UTC,,,,18704.00,0.00,1012.83,,
2021-06-19 06:10:00 UTC,,,,18737.60,0.00,1012.74,,
2021-06-19 06:20:00 UTC,,,,18771.20,0.00,1012.89,,
2021-06-19 06:30:00 UTC,,,,18704.00,0.00,1012.92,,
2021-06-19 06:40:00 UTC,,,,18737.60,0.00,1012.94,,
2021-06-19 06:50:00 UTC,,,,18737.60,0.00,1013.00,,
2021-06-19 07:00:00 UTC,,,,18704.00,0.00,1012.87,,
2021-06-19 07:10:00 UTC,,,,18804.80,0.00,1013.03,,
2021-06-19 07:20:00 UTC,,,,18704.00,0.00,1012.99,,
2021-06-19 07:30:00 UTC,,,,18704.00,0.00,1012.97,,
2021-06-19 07:40:00 UTC,,,,18771.20,0.00,1013.13,,
2021-06-19 07:50:00 UTC,,,,18737.60,0.00,1013.28,,
2021-06-19 08:00:00 UTC,,,,18737.60,0.00,1013.03,,
2021-06-19 08:10:00 UTC,,,,18704.00,0.00,1013.20,,
2021-06-19 08:20:00 UTC,,,,18704.00,0.00,1013.36,,
2021-06-19 08:30:00 UTC,,,,18704.00,0.00,1013.37,,
2021-06-19 08:40:00 UTC,,,,18737.60,0.00,1012.96,,
2021-06-19 08:50:00 UTC,,,,18737.60,0.00,1013.43,,
2021-06-19 09:00:00 UTC,,,,18737.60,0.00,1013.52,,
2021-06-19 09:10:00 UTC,,,,18704.00,0.00,1013.51,,
2021-06-19 09:20:00 UTC,,,,18704.00,0.00,1013.52,,
2021-06-19 09:30:00 UTC,,,,18737.60,0.00,1013.60,,
2021-06-19 09:40:00 UTC,,,,18704.00,0.00,1013.62,,
2021-06-19 09:50:00 UTC,,,,18804.80,0.00,1013.70,,
2021-06-19 10:00:00 UTC,,,,18771.20,0.00,1013.72,,
2021-06-19 10:10:00 UTC,,,,18670.40,0.00,1013.71,,
2021-06-19 10:20:00 UTC,,,,18771.20,0.00,1013.73,,
2021-06-19 10:30:00 UTC,,,,18804.80,0.00,1013.71,,
2021-06-19 10:40:00 UTC,,,,18771.20,0.00,1013.66,,
2021-06-19 10:50:00 UTC,,,,18771.20,0.00,1013.72,,
2021-06-19 11:00:00 UTC,,,,18737.60,0.00,1013.74,,
2021-06-19 11:10:00 UTC,,,,18737.60,0.00,1013.89,,
2021-06-19 11:20:00 UTC,,,,18737.60,0.00,1014.11,,
2021-06-19 11:30:00 UTC,,,,18737.60,0.00,1014.06,,
2021-06-19 11:40:00 UTC,,,,18804.80,0.00,1014.19,,
2021-06-19 11:50:00 UTC,,,,18704.00,0.00,1014.19,,
2021-06-19 12:00:00 UTC,,,,18771.20,0.00,1014.12,,
2021-06-19 12:10:00 UTC,,,,18670.40,0.00,1014.17,,
2021-06-19 12:20:00 UTC,,,,18704.00,0.00,1014.26,,
2021-06-19 12:30:00 UTC,,,,18771.20,0.00,1014.28,,
2021-06-19 12:40:00 UTC,,,,18737.60,0.00,1014.30,,
2021-06-19 12:50:00 UTC,,,,18737.60,0.00,1014.36,,
2021-06-19 13:00:00 UTC,,,,18737.60,0.00,1014.46,,
2021-06-19 13:10:00 UTC,,,,18771.20,0.00,1014.50,,
2021-06-19 13:20:00 UTC,,,,18704.00,0.00,1014.54,,
2021-06-19 13:30:00 UTC,,,,18804.80,0.00,1014.64,,
2021-06-19 13:40:00 UTC,,,,18737.60,0.00,1014.75,,
2021-06-19 13:50:00 UTC,,,,18737.60,0.00,1014.79,,
2021-06-19 14:00:00 UTC,,,,18737.60,0.00,1014.80,,
2021-06-19 14:10:00 UTC,,,,18737.60,0.00,1014.76,,
2021-06-19 14:20:00 UTC,,,,18737.60,0.00,1014.84,,
2021-06-19 14:30:00 UTC,,,,18737.60,0.00,1014.86,,
2021-06-19 14:40:00 UTC,,,,18771.20,0.00,1014.88,,
2021-06-19 14:50:00 UTC,,,,18737.60,0.00,1014.90,,
2021-06-19 15:00:00 UTC,,,,18737.60,0.00,1014.85,,
2021-06-19 15:10:00 UTC,,,,18737.60,0.00,1014.86,,
2021-06-19 15:20:00 UTC,,,,18737.60,0.00,1014.85,,
2021-06-19 15:30:00 UTC,,,,18737.60,0.00,1014.82,,
2021-06-19 15:40:00 UTC,,,,18704.00,0.00,1014.79,,
2021-06-19 15:50:00 UTC,,,,18704.00,0.00,1014.70,,
2021-06-19 16:00:00 UTC,,,,18704.00,0.00,1014.52,,
2021-06-19 16:10:00 UTC,,,,18704.00,0.00,1014.70,,
2021-06-19 16:20:00 UTC,,,,18704.00,0.00,1014.65,,
2021-06-19 16:30:00 UTC,,,,18771.20,0.00,1014.60,,
2021-06-19 16:40:00 UTC,,,,18737.60,0.00,1014.52,,
2021-06-19 16:50:00 UTC,,,,18771.20,0.00,1014.43,,
2021-06-19 17:00:00 UTC,,,,18771.20,0.00,1014.38,,
2021-06-19 17:10:00 UTC,,,,18704.00,0.00,1014.34,,
2021-06-19 17:20:00 UTC,,,,18737.60,0.00,1014.29,,
2021-06-19 17:30:00 UTC,,,,18737.60,0.00,1014.21,,
2021-06-19 17:40:00 UTC,,,,18704.00,0.00,1014.06,,
2021-06-19 17:50:00 UTC,,,,18771.20,0.00,1014.03,,
2021-06-19 18:00:00 UTC,,,,18704.00,0.00,1014.03,,
2021-06-19 18:10:00 UTC,,,,18771.20,0.00,1014.01,,
2021-06-19 18:20:00 UTC,,,,18771.20,0.00,1014.01,,
2021-06-19 18:30:00 UTC,,,,18704.00,0.00,1013.79,,
2021-06-19 18:40:00 UTC,,,,18771.20,0.00,1013.79,,
2021-06-19 18:50:00 UTC,,,,18804.80,0.00,1013.72,,
2021-06-19 19:00:00 UTC,,,,18737.60,0.00,1013.62,,
2021-06-19 19:10:00 UTC,,,,18704.00,0.00,1013.55,,
2021-06-19 19:20:00 UTC,,,,18704.00,0.00,1013.46,,
2021-06-19 19:30:00 UTC,,,,18704.00,0.00,1013.24,,
2021-06-19 19:40:00 UTC,,,,18771.20,0.00,1013.34,,
2021-06-19 19:50:00 UTC,,,,18737.60,0.00,1013.22,,
2021-06-19 20:00:00 UTC,,,,18737.60,0.00,1013.05,,
2021-06-19 20:10:00 UTC,,,,18771.20,0.00,1012.90,,
2021-06-19 20:20:00 UTC,,,,18670.40,0.00,1012.85,,
2021-06-19 20:30:00 UTC,,,,18737.60,0.00,1012.72,,
2021-06-19 20:40:00 UTC,,,,18737.60,0.00,1012.52,,
2021-06-19 20:50:00 UTC,,,,18704.00,0.00,1012.41,,
2021-06-19 21:00:00 UTC,,,,18771.20,0.00,1012.22,,
2021-06-19 21:10:00 UTC,,,,18670.40,0.00,1012.09,,
2021-06-19 21:20:00 UTC,,,,18737.60,0.00,1011.90,,
2021-06-19 21:30:00 UTC,,,,18704.00,0.00,1011.71,,
2021-06-19 21:40:00 UTC,,,,18704.00,0.00,1011.63,,
2021-06-19 21:50:00 UTC,,,,18771.20,0.00,1011.40,,
2021-06-19 22:00:00 UTC,,,,18704.00,0.00,1011.42,,
2021-06-19 22:10:00 UTC,,,,18636.80,0.00,1011.33,,
2021-06-19 22:20:00 UTC,,,,18804.80,0.00,1011.22,,
2021-06-19 22:30:00 UTC,,,,18704.00,0.00,1010.90,,
2021-06-19 22:40:00 UTC,,,,18771.20,0.00,1010.74,,
2021-06-19 22:50:00 UTC,,,,18704.00,0.00,1010.74,,
2021-06-19 23:00:00 UTC,,,,18804.80,0.00,1010.53,,
2021-06-19 23:10:00 UTC,,,,18704.00,0.00,1010.40,,
2021-06-19 23:20:00 UTC,,,,18704.00,0.00,1010.32,,
2021-06-19 23:30:00 UTC,,,,18771.20,0.00,1010.19,,
2021-06-19 23:40:00 UTC,,,,18704.00,0.00,1010.11,,
2021-06-19 23:50:00 UTC,,,,18737.60,0.00,1009.94,,,
2021-06-20 00:00:00 UTC,,,,18704.00,0.00,1009.80,,
2021-06-20 00:10:00 UTC,,,,18737.60,0.00,1009.68,,
2021-06-20 00:20:00 UTC,,,,18737.60,0.00,1009.76,,
2021-06-20 00:30:00 UTC,,,,18737.60,0.00,1009.52,,
2021-06-20 00:40:00 UTC,,,,18704.00,0.00,1009.55,,
2021-06-20 00:50:00 UTC,,,,18704.00,0.00,1009.39,,
2021-06-20 01:00:00 UTC,,,,18737.60,0.00,1009.31,,
2021-06-20 01:10:00 UTC,,,,18737.60,0.00,1009.23,,
2021-06-20 01:20:00 UTC,,,,18704.00,0.00,1009.17,,
2021-06-20 01:30:00 UTC,,,,18804.80,0.00,1009.03,,
2021-06-20 01:40:00 UTC,,,,18704.00,0.00,1009.05,,
2021-06-20 01:50:00 UTC,,,,18704.00,0.00,1009.05,,
2021-06-20 02:00:00 UTC,,,,18737.60,0.00,1009.00,,
2021-06-20 02:10:00 UTC,,,,18771.20,0.00,1008.99,,
2021-06-20 02:20:00 UTC,,,,18737.60,0.00,1008.96,,
2021-06-20 02:30:00 UTC,,,,18704.00,0.00,1008.86,,
2021-06-20 02:40:00 UTC,,,,18737.60,0.00,1008.84,,
2021-06-20 02:50:00 UTC,,,,18704.00,0.00,1008.90,,
2021-06-20 03:00:00 UTC,,,,18771.20,0.00,1008.93,,
2021-06-20 03:10:00 UTC,,,,18737.60,0.00,1008.96,,
2021-06-20 03:20:00 UTC,,,,18737.60,0.00,1008.92,,
2021-06-20 03:30:00 UTC,,,,18704.00,0.00,1008.91,,
2021-06-20 03:40:00 UTC,,,,18737.60,0.00,1008.84,,
2021-06-20 03:50:00 UTC,,,,18704.00,0.00,1008.80,,
2021-06-20 04:00:00 UTC,,,,18704.00,0.00,1008.84,,
2021-06-20 04:10:00 UTC,,,,18670.40,0.00,1008.98,,
2021-06-20 04:20:00 UTC,,,,18737.60,0.00,1009.09,,
2021-06-20 04:30:00 UTC,,,,18704.00,0.00,1009.17,,
2021-06-20 04:40:00 UTC,,,,18704.00,0.00,1009.14,,
2021-06-20 04:50:00 UTC,,,,18704.00,0.00,1009.27,,
2021-06-20 05:00:00 UTC,,,,18704.00,0.00,1009.29,,
2021-06-20 05:10:00 UTC,,,,18636.80,0.00,1009.29,,
2021-06-20 05:20:00 UTC,,,,18704.00,0.00,1009.45,,
2021-06-20 05:30:00 UTC,,,,18771.20,0.00,1009.45,,
2021-06-20 05:40:00 UTC,,,,18737.60,0.00,1009.39,,
2021-06-20 05:50:00 UTC,,,,18737.60,0.00,1009.44,,
2021-06-20 06:00:00 UTC,,,,18704.00,0.00,1009.46,,
2021-06-20 06:10:00 UTC,,,,18704.00,0.00,1009.43,,
2021-06-20 06:20:00 UTC,,,,18771.20,0.00,1009.36,,
2021-06-20 06:30:00 UTC,,,,18737.60,0.00,1009.30,,
2021-06-20 06:40:00 UTC,,,,18737.60,0.00,1009.32,,
2021-06-20 06:50:00 UTC,,,,18704.00,0.00,1009.33,,
2021-06-20 07:00:00 UTC,,,,18804.80,0.00,1009.26,,
2021-06-20 07:10:00 UTC,,,,18737.60,0.00,1009.38,,
2021-06-20 07:20:00 UTC,,,,18771.20,0.00,1009.43,,
2021-06-20 07:30:00 UTC,,,,18704.00,0.00,1009.40,,
2021-06-20 07:40:00 UTC,,,,18704.00,0.00,1009.31,,
2021-06-20 07:50:00 UTC,,,,18704.00,0.00,1009.35,,
2021-06-20 08:00:00 UTC,,,,18704.00,0.00,1009.37,,
2021-06-20 08:10:00 UTC,,,,18704.00,0.00,1009.44,,
2021-06-20 08:20:00 UTC,,,,18704.00,0.00,1009.43,,
2021-06-20 08:30:00 UTC,,,,18737.60,0.00,1009.41,,
2021-06-20 08:40:00 UTC,,,,18737.60,0.00,1009.37,,
2021-06-20 08:50:00 UTC,,,,18771.20,0.00,1009.41,,
2021-06-20 09:00:00 UTC,,,,18704.00,0.00,1009.45,,
2021-06-20 09:10:00 UTC,,,,18704.00,0.00,1009.50,,
2021-06-20 09:20:00 UTC,,,,18704.00,0.00,1009.42,,
2021-06-20 09:30:00 UTC,,,,18704.00,0.00,1009.34,,
2021-06-20 09:40:00 UTC,,,,18704.00,0.00,1009.43,,
2021-06-20 09:50:00 UTC,,,,18737.60,0.00,1009.42,,
2021-06-20 10:00:00 UTC,,,,18771.20,0.00,1009.36,,
2021-06-20 10:10:00 UTC,,,,18636.80,0.00,1009.32,,
2021-06-20 10:20:00 UTC,,,,18771.20,0.00,1009.30,,
2021-06-20 10:30:00 UTC,,,,18704.00,0.00,1009.28,,
2021-06-20 10:40:00 UTC,,,,18704.00,0.00,1009.17,,
2021-06-20 10:50:00 UTC,,,,18771.20,0.00,1009.33,,
2021-06-20 11:00:00 UTC,,,,18737.60,0.00,1009.25,,
2021-06-20 11:10:00 UTC,,,,18704.00,0.00,1009.28,,
2021-06-20 11:20:00 UTC,,,,18681.60,0.00,1009.30,,
2021-06-20 11:30:00 UTC,,,,18737.60,0.00,1009.35,,
2021-06-20 11:40:00 UTC,,,,18737.60,0.00,1009.45,,
2021-06-20 11:50:00 UTC,,,,18737.60,0.00,1009.54,,
2021-06-20 12:00:00 UTC,,,,18704.00,0.00,1009.49,,
2021-06-20 12:10:00 UTC,,,,18670.40,0.00,1009.49,,
2021-06-20 12:20:00 UTC,,,,18704.00,0.00,1009.45,,
2021-06-20 12:30:00 UTC,,,,18704.00,0.00,1009.44,,
2021-06-20 12:40:00 UTC,,,,18804.80,0.00,1009.45,,
2021-06-20 12:50:00 UTC,,,,18737.60,0.00,1009.47,,
2021-06-20 13:00:00 UTC,,,,18704.00,0.00,1009.48,,
2021-06-20 13:10:00 UTC,,,,18704.00,0.00,1009.53,,
2021-06-20 13:20:00 UTC,,,,18771.20,0.00,1009.48,,
2021-06-20 13:30:00 UTC,,,,18704.00,0.00,1009.46,,
2021-06-20 13:40:00 UTC,,,,18704.00,0.00,1009.53,,
2021-06-20 13:50:00 UTC,,,,18737.60,0.00,1009.59,,
2021-06-20 14:00:00 UTC,,,,18771.20,0.00,1009.61,,
2021-06-20 14:10:00 UTC,,,,18704.00,0.00,1009.56,,
2021-06-20 14:20:00 UTC,,,,18704.00,0.00,1009.53,,
2021-06-20 14:30:00 UTC,,,,18737.60,0.00,1009.51,,
2021-06-20 14:40:00 UTC,,,,18737.60,0.00,1009.30,,
2021-06-20 14:50:00 UTC,,,,18737.60,0.00,1009.49,,
2021-06-20 15:00:00 UTC,,,,18737.60,0.00,1009.39,,
2021-06-20 15:10:00 UTC,,,,18704.00,0.00,1009.20,,
2021-06-20 15:20:00 UTC,,,,18704.00,0.00,1009.34,,
2021-06-20 15:30:00 UTC,,,,18771.20,0.00,1009.32,,
2021-06-20 15:40:00 UTC,,,,18704.00,0.00,1009.27,,
2021-06-20 15:50:00 UTC,,,,18771.20,0.00,1009.20,,
2021-06-20 16:00:00 UTC,,,,18704.00,0.00,1009.13,,
2021-06-20 16:10:00 UTC,,,,18670.40,0.00,1009.03,,
2021-06-20 16:20:00 UTC,,,,18804.80,0.00,1009.02,,
2021-06-20 16:30:00 UTC,,,,18737.60,0.00,1008.87,,
2021-06-20 16:40:00 UTC,,,,18737.60,0.00,1008.84,,
2021-06-20 16:50:00 UTC,,,,18737.60,0.00,1008.71,,
2021-06-20 17:00:00 UTC,,,,18704.00,0.00,1008.57,,
2021-06-20 17:10:00 UTC,,,,18737.60,0.00,1008.50,,
2021-06-20 17:20:00 UTC,,,,18737.60,0.00,1008.44,,
2021-06-20 17:30:00 UTC,,,,18737.60,0.00,1008.40,,
2021-06-20 17:40:00 UTC,,,,18771.20,0.00,1008.37,,
2021-06-20 17:50:00 UTC,,,,18804.80,0.00,1008.32,,
2021-06-20 18:00:00 UTC,,,,18978.00,0.00,1008.26,,
2021-06-20 18:10:00 UTC,,,,18880.00,0.00,1008.15,,
2021-06-20 18:20:00 UTC,,,,18905.60,0.00,1008.08,,
2021-06-20 18:30:00 UTC,,,,18872.00,0.00,1008.00,,
2021-06-20 18:40:00 UTC,,,,18872.00,0.00,1007.60,,
2021-06-20 18:50:00 UTC,,,,18905.60,0.00,1007.81,,
2021-06-20 19:00:00 UTC,,,,18872.00,0.00,1007.74,,,
2021-06-24 15:30:00 UTC,,,,19152.00,,1013.13,,
2021-06-24 15:40:00 UTC,,,,18880.00,0.00,1013.11,,
2021-06-24 15:50:00 UTC,,,,18905.60,0.00,1013.17,,
2021-06-24 16:00:00 UTC,,,,18872.00,0.00,1013.15,,
2021-06-24 16:10:00 UTC,,,,18872.00,0.00,1013.16,,
2021-06-24 16:20:00 UTC,,,,18872.00,0.00,1013.19,,
2021-06-24 16:30:00 UTC,,,,18872.00,0.00,1013.05,,
2021-06-24 16:40:00 UTC,,,,18905.60,0.00,1013.11,,
2021-06-24 16:50:00 UTC,,,,18872.00,0.00,1013.04,,
2021-06-24 17:00:00 UTC,,,,18872.00,0.00,1013.05,,
2021-06-24 17:10:00 UTC,,,,18872.00,0.00,1013.03,,
2021-06-24 17:20:00 UTC,,,,18872.00,0.00,1012.98,,
2021-06-24 17:30:00 UTC,,,,18872.00,0.00,1012.92,,
2021-06-24 17:40:00 UTC,,,,18905.60,0.00,1012.90,,
2021-06-24 17:50:00 UTC,,,,18905.60,0.00,1012.75,,
2021-06-24 18:00:00 UTC,,,,18737.60,0.00,1012.78,,
2021-06-24 18:10:00 UTC,,,,18737.60,0.00,1012.71,,
2021-06-24 18:20:00 UTC,,,,18704.00,0.00,1012.65,,
2021-06-24 18:30:00 UTC,,,,18704.00,0.00,1012.58,,
2021-06-24 18:40:00 UTC,,,,18704.00,0.00,1012.48,,
2021-06-24 18:50:00 UTC,,,,18737.60,0.00,1012.42,,
2021-06-24 19:00:00 UTC,,,,18737.60,0.00,1012.16,,
2021-06-24 19:10:00 UTC,,,,18737.60,0.00,1012.21,,
2021-06-24 19:20:00 UTC,,,,18737.60,0.00,1012.00,,
2021-06-24 19:30:00 UTC,,,,18804.80,0.00,1011.85,,
2021-06-24 19:40:00 UTC,,,,18737.60,0.00,1011.73,,
2021-06-24 19:50:00 UTC,,,,18704.00,0.00,1011.65,,
2021-06-24 20:00:00 UTC,,,,18704.00,0.00,1011.51,,
2021-06-24 20:10:00 UTC,,,,18737.60,0.00,1011.46,,
2021-06-24 20:20:00 UTC,,,,18704.00,0.00,1011.41,,
2021-06-24 20:30:00 UTC,,,,18704.00,0.00,1011.49,,
2021-06-24 20:40:00 UTC,,,,18704.00,0.00,1011.51,,
2021-06-24 20:50:00 UTC,,,,18704.00,0.00,1011.37,,
2021-06-24 21:00:00 UTC,,,,18704.00,0.00,1011.23,,
2021-06-24 21:10:00 UTC,,,,18704.00,0.00,1011.04,,
2021-06-24 21:20:00 UTC,,,,18737.60,0.00,1011.03,,
2021-06-24 21:30:00 UTC,,,,18737.60,0.00,1010.88,,
2021-06-24 21:40:00 UTC,,,,18670.40,0.00,1010.79,,
2021-06-24 21:50:00 UTC,,,,18804.80,0.00,1010.70,,
2021-06-24 22:00:00 UTC,,,,18704.00,0.00,1010.47,,
2021-06-24 22:10:00 UTC,,,,18804.80,0.00,1010.43,,
2021-06-24 22:20:00 UTC,,,,18737.60,0.00,1010.40,,
2021-06-24 22:30:00 UTC,,,,18737.60,0.00,1010.31,,
2021-06-24 22:40:00 UTC,,,,18771.20,0.00,1010.26,,
2021-06-24 22:50:00 UTC,,,,18737.60,0.00,1010.12,,
2021-06-24 23:00:00 UTC,,,,18704.00,0.00,1010.01,,
2021-06-24 23:10:00 UTC,,,,18704.00,0.00,1009.93,,
2021-06-24 23:20:00 UTC,,,,18704.00,0.00,1009.87,,
2021-06-24 23:30:00 UTC,,,,18704.00,0.00,1009.88,,
2021-06-24 23:40:00 UTC,,,,18737.60,0.00,1009.86,,
2021-06-24 23:50:00 UTC,,,,18704.00,0.00,1009.87,,,
2021-06-25 00:00:00 UTC,,,,18771.20,0.00,1009.76,,
2021-06-25 00:10:00 UTC,,,,18704.00,0.00,1009.59,,
2021-06-25 00:20:00 UTC,,,,18704.00,0.00,1009.53,,
2021-06-25 00:30:00 UTC,,,,18704.00,0.00,1009.39,,
2021-06-25 00:40:00 UTC,,,,18704.00,0.00,1009.33,,
2021-06-25 00:50:00 UTC,,,,18704.00,0.00,1009.24,,
2021-06-25 01:00:00 UTC,,,,18704.00,0.00,1009.16,,
2021-06-25 01:10:00 UTC,,,,18771.20,0.00,1008.93,,
2021-06-25 01:20:00 UTC,,,,18737.60,0.00,1009.21,,
2021-06-25 01:30:00 UTC,,,,18704.00,0.00,1009.15,,
2021-06-25 01:40:00 UTC,,,,18704.00,0.00,1009.19,,
2021-06-25 01:50:00 UTC,,,,18737.60,0.00,1009.16,,
2021-06-25 02:00:00 UTC,,,,18771.20,0.00,1009.09,,
2021-06-25 02:10:00 UTC,,,,18704.00,0.00,1009.06,,
2021-06-25 02:20:00 UTC,,,,18704.00,0.00,1009.00,,
2021-06-25 02:30:00 UTC,,,,18737.60,0.00,1009.05,,
2021-06-25 02:40:00 UTC,,,,18737.60,0.00,1009.08,,
2021-06-25 02:50:00 UTC,,,,18737.60,0.00,1009.07,,
2021-06-25 03:00:00 UTC,,,,18737.60,0.00,1009.15,,
2021-06-25 03:10:00 UTC,,,,18704.00,0.00,1009.17,,
2021-06-25 03:20:00 UTC,,,,18704.00,0.00,1009.19,,
2021-06-25 03:30:00 UTC,,,,18704.00,0.00,1009.18,,
2021-06-25 03:40:00 UTC,,,,18704.00,0.00,1009.13,,
2021-06-25 03:50:00 UTC,,,,18771.20,0.00,1009.08,,
2021-06-25 04:00:00 UTC,,,,18771.20,0.00,1009.03,,
2021-06-25 04:10:00 UTC,,,,18737.60,0.00,1009.22,,
2021-06-25 04:20:00 UTC,,,,18704.00,0.00,1009.35,,
2021-06-25 04:30:00 UTC,,,,18704.00,0.00,1009.44,,
2021-06-25 04:40:00 UTC,,,,18670.40,0.00,1009.51,,
2021-06-25 04:50:00 UTC,,,,18704.00,0.00,1009.63,,
2021-06-25 05:00:00 UTC,,,,18704.00,0.00,1009.72,,
2021-06-25 05:10:00 UTC,,,,18704.00,0.00,1009.64,,
2021-06-25 05:20:00 UTC,,,,18704.00,0.00,1009.82,,
2021-06-25 05:30:00 UTC,,,,18704.00,0.00,1009.74,,
2021-06-25 05:40:00 UTC,,,,18704.00,0.00,1009.93,,
2021-06-25 05:50:00 UTC,,,,18704.00,0.00,1009.84,,
2021-06-25 06:00:00 UTC,,,,18704.00,0.00,1010.03,,
2021-06-25 06:10:00 UTC,,,,18804.80,0.00,1010.09,,
2021-06-25 06:20:00 UTC,,,,18704.00,0.00,1010.03,,
2021-06-25 06:30:00 UTC,,,,18704.00,0.00,1009.94,,
2021-06-25 06:40:00 UTC,,,,18737.60,0.00,1009.98,,
2021-06-25 06:50:00 UTC,,,,18704.00,0.00,1010.11,,
2021-06-25 07:00:00 UTC,,,,18737.60,0.00,1010.20,,
2021-06-25 07:10:00 UTC,,,,18737.60,0.00,1010.14,,
2021-06-25 07:20:00 UTC,,,,18704.00,0.00,1010.23,,
2021-06-25 07:30:00 UTC,,,,18704.00,0.00,1010.23,,
2021-06-25 07:40:00 UTC,,,,18737.60,0.00,1010.18,,
2021-06-25 07:50:00 UTC,,,,18704.00,0.00,1010.19,,
2021-06-25 08:00:00 UTC,,,,18704.00,0.00,1010.22,,
2021-06-25 08:10:00 UTC,,,,18737.60,0.00,1010.23,,
2021-06-25 08:20:00 UTC,,,,18704.00,0.00,1010.24,,
2021-06-25 08:30:00 UTC,,,,18670.40,0.00,1010.44,,
2021-06-25 08:40:00 UTC,,,,18737.60,0.00,1010.53,,
2021-06-25 08:50:00 UTC,,,,18737.60,0.00,1010.47,,
2021-06-25 09:00:00 UTC,,,,18737.60,0.00,1010.56,,
2021-06-25 09:10:00 UTC,,,,18704.00,0.00,1010.55,,
2021-06-25 09:20:00 UTC,,,,18704.00,0.00,1010.52,,
2021-06-25 09:30:00 UTC,,,,18737.60,0.00,1010.59,,
2021-06-25 09:40:00 UTC,,,,18670.40,0.00,1010.67,,
2021-06-25 09:50:00 UTC,,,,18704.00,0.00,1009.82,,
2021-06-25 10:00:00 UTC,,,,18704.00,0.00,1010.90,,
2021-06-25 10:10:00 UTC,,,,18704.00,0.00,1010.97,,
2021-06-25 10:20:00 UTC,,,,18771.20,0.00,1010.87,,
2021-06-25 10:30:00 UTC,,,,18771.20,0.00,1010.82,,
2021-06-25 10:40:00 UTC,,,,18670.40,0.00,1010.82,,
2021-06-25 10:50:00 UTC,,,,18704.00,0.00,1010.95,,
2021-06-25 11:00:00 UTC,,,,18737.60,0.00,1010.92,,
2021-06-25 11:10:00 UTC,,,,18737.60,0.00,1010.84,,
2021-06-25 11:20:00 UTC,,,,18704.00,0.00,1010.94,,
2021-06-25 11:30:00 UTC,,,,18704.00,0.00,1010.88,,
2021-06-25 11:40:00 UTC,,,,18704.00,0.00,1010.90,,
2021-06-25 11:50:00 UTC,,,,18737.60,0.00,1010.99,,
2021-06-25 12:00:00 UTC,,,,18704.00,0.00,1011.07,,
2021-06-25 12:10:00 UTC,,,,18704.00,0.00,1011.18,,
2021-06-25 12:20:00 UTC,,,,18737.60,0.00,1011.23,,
2021-06-25 12:30:00 UTC,,,,18704.00,0.00,1011.31,,
2021-06-25 12:40:00 UTC,,,,18715.20,0.00,1011.20,,
2021-06-25 12:50:00 UTC,,,,18704.00,0.00,1011.37,,
2021-06-25 13:00:00 UTC,,,,18737.60,0.00,1011.35,,
2021-06-25 13:10:00 UTC,,,,18704.00,0.00,1011.35,,
2021-06-25 13:20:00 UTC,,,,18704.00,0.00,1011.31,,
2021-06-25 13:30:00 UTC,,,,18704.00,0.00,1011.15,,
2021-06-25 13:40:00 UTC,,,,18737.60,0.00,1011.37,,
2021-06-25 13:50:00 UTC,,,,18704.00,0.00,1011.35,,
2021-06-25 14:00:00 UTC,,,,18704.00,0.00,1011.22,,
2021-06-25 14:10:00 UTC,,,,18704.00,0.00,1011.29,,
2021-06-25 14:20:00 UTC,,,,18704.00,0.00,1011.25,,
2021-06-25 14:30:00 UTC,,,,18737.60,0.00,1011.27,,
2021-06-25 14:40:00 UTC,,,,18704.00,0.00,1011.36,,
2021-06-25 14:50:00 UTC,,,,18704.00,0.00,1011.21,,
2021-06-25 15:00:00 UTC,,,,18737.60,0.00,1011.38,,
2021-06-25 15:10:00 UTC,,,,18704.00,0.00,1011.34,,
2021-06-25 15:20:00 UTC,,,,18737.60,0.00,1011.29,,
2021-06-25 15:30:00 UTC,,,,18704.00,0.00,1011.25,,
2021-06-25 15:40:00 UTC,,,,18704.00,0.00,1011.24,,
2021-06-25 15:50:00 UTC,,,,18704.00,0.00,1011.22,,
2021-06-25 16:00:00 UTC,,,,18704.00,0.00,1011.25,,
2021-06-25 16:10:00 UTC,,,,18704.00,0.00,1011.32,,
2021-06-25 16:20:00 UTC,,,,18737.60,0.00,1011.40,,
2021-06-25 16:30:00 UTC,,,,18737.60,0.00,1011.41,,
2021-06-25 16:40:00 UTC,,,,18670.40,0.00,1011.16,,
2021-06-25 16:50:00 UTC,,,,18704.00,0.00,1011.08,,
2021-06-25 17:00:00 UTC,,,,18704.00,0.00,1010.93,,
2021-06-25 17:10:00 UTC,,,,18737.60,0.00,1010.92,,
2021-06-25 17:20:00 UTC,,,,18704.00,0.00,1010.69,,
2021-06-25 17:30:00 UTC,,,,18704.00,0.00,1010.77,,
2021-06-25 17:40:00 UTC,,,,18670.40,0.00,1010.71,,
2021-06-25 17:50:00 UTC,,,,18771.20,0.00,1010.73,,
2021-06-25 18:00:00 UTC,,,,18704.00,0.00,1010.66,,
2021-06-25 18:10:00 UTC,,,,18737.60,0.00,1010.60,,
2021-06-25 18:20:00 UTC,,,,18704.00,0.00,1010.48,,
2021-06-25 18:30:00 UTC,,,,18737.60,0.00,1010.47,,
2021-06-25 18:40:00 UTC,,,,18737.60,0.00,1010.30,,
2021-06-25 18:50:00 UTC,,,,18704.00,0.00,1010.23,,
2021-06-25 19:00:00 UTC,,,,18704.00,0.00,1010.13,,
2021-06-25 19:10:00 UTC,,,,18704.00,0.00,1010.12,,
2021-06-25 19:20:00 UTC,,,,18704.00,0.00,1010.15,,
2021-06-25 19:30:00 UTC,,,,18681.60,0.00,1010.04,,
2021-06-25 19:40:00 UTC,,,,18737.60,0.00,1009.91,,
2021-06-25 19:50:00 UTC,,,,18704.00,0.00,1009.67,,
2021-06-25 20:00:00 UTC,,,,18737.60,0.00,1009.72,,
2021-06-25 20:10:00 UTC,,,,18737.60,0.00,1009.57,,
2021-06-25 20:20:00 UTC,,,,18737.60,0.00,1009.35,,
2021-06-25 20:30:00 UTC,,,,18704.00,0.00,1009.34,,
2021-06-25 20:40:00 UTC,,,,18737.60,0.00,1009.23,,
2021-06-25 20:50:00 UTC,,,,18704.00,0.00,1009.16,,
2021-06-25 21:00:00 UTC,,,,18704.00,0.00,1009.10,,
2021-06-25 21:10:00 UTC,,,,18737.60,0.00,1008.99,,
2021-06-25 21:20:00 UTC,,,,18737.60,0.00,1008.74,,
2021-06-25 21:30:00 UTC,,,,18771.20,0.00,1008.68,,
2021-06-25 21:40:00 UTC,,,,18737.60,0.00,1008.56,,
2021-06-25 21:50:00 UTC,,,,18737.60,0.00,1008.44,,
2021-06-25 22:00:00 UTC,,,,18746.00,0.00,1008.35,,
2021-06-25 22:10:00 UTC,,,,18737.60,0.00,1008.13,,
2021-06-25 22:20:00 UTC,,,,18704.00,0.00,1008.18,,
2021-06-25 22:30:00 UTC,,,,18704.00,0.00,1008.08,,
2021-06-25 22:40:00 UTC,,,,18670.40,0.00,1007.97,,
2021-06-25 22:50:00 UTC,,,,18737.60,0.00,1007.89,,
2021-06-25 23:00:00 UTC,,,,18737.60,0.00,1007.88,,
2021-06-25 23:10:00 UTC,,,,18737.60,0.00,1007.82,,
2021-06-25 23:20:00 UTC,,,,18737.60,0.00,1007.63,,
2021-06-25 23:30:00 UTC,,,,18704.00,0.00,1007.40,,
2021-06-25 23:40:00 UTC,,,,18737.60,0.00,1007.51,,
2021-06-25 23:50:00 UTC,,,,18704.00,0.00,1007.42,,,
2021-06-26 00:00:00 UTC,,,,18704.00,0.00,1007.33,,
2021-06-26 00:10:00 UTC,,,,18704.00,0.00,1007.26,,
2021-06-26 00:20:00 UTC,,,,18704.00,0.00,1007.24,,
2021-06-26 00:30:00 UTC,,,,18737.60,0.00,1007.07,,
2021-06-26 00:40:00 UTC,,,,18670.40,0.00,1007.12,,
2021-06-26 00:50:00 UTC,,,,18704.00,0.00,1007.04,,
2021-06-26 01:00:00 UTC,,,,18771.20,0.00,1006.99,,
2021-06-26 01:10:00 UTC,,,,18737.60,0.00,1006.95,,
2021-06-26 01:20:00 UTC,,,,18704.00,0.00,1006.90,,
2021-06-26 01:30:00 UTC,,,,18737.60,0.00,1006.90,,
2021-06-26 01:40:00 UTC,,,,18670.40,0.00,1006.81,,
2021-06-26 01:50:00 UTC,,,,18737.60,0.00,1006.76,,
2021-06-26 02:00:00 UTC,,,,18704.00,0.00,1006.76,,
2021-06-26 02:10:00 UTC,,,,18737.60,0.00,1006.79,,
2021-06-26 02:20:00 UTC,,,,18737.60,0.00,1006.85,,
2021-06-26 02:30:00 UTC,,,,18704.00,0.00,1006.86,,
2021-06-26 02:40:00 UTC,,,,18704.00,0.00,1006.98,,
2021-06-26 02:50:00 UTC,,,,18704.00,0.00,1007.03,,
2021-06-26 03:00:00 UTC,,,,18737.60,0.00,1007.05,,
2021-06-26 03:10:00 UTC,,,,18737.60,0.00,1007.10,,
2021-06-26 03:20:00 UTC,,,,18704.00,0.00,1007.13,,
2021-06-26 03:30:00 UTC,,,,18737.60,0.00,1007.21,,
2021-06-26 03:40:00 UTC,,,,18704.00,0.00,1007.28,,
2021-06-26 03:50:00 UTC,,,,18737.60,0.00,1007.32,,
2021-06-26 04:00:00 UTC,,,,18704.00,0.00,1007.33,,
2021-06-26 04:10:00 UTC,,,,18704.00,0.00,1007.10,,
2021-06-26 04:20:00 UTC,,,,18737.60,0.00,1007.43,,
2021-06-26 04:30:00 UTC,,,,18737.60,0.00,1007.59,,
2021-06-26 04:40:00 UTC,,,,18704.00,0.00,1007.71,,
2021-06-26 04:50:00 UTC,,,,18704.00,0.00,1007.69,,
2021-06-26 05:00:00 UTC,,,,18704.00,0.00,1007.94,,
2021-06-26 05:10:00 UTC,,,,18704.00,0.00,1007.78,,
2021-06-26 05:20:00 UTC,,,,18737.60,0.00,1008.03,,
2021-06-26 05:30:00 UTC,,,,18737.60,0.00,1007.93,,
2021-06-26 05:40:00 UTC,,,,18670.40,0.00,1008.07,,
2021-06-26 05:50:00 UTC,,,,18704.00,0.00,1008.10,,
2021-06-26 06:00:00 UTC,,,,18704.00,0.00,1008.25,,
2021-06-26 06:10:00 UTC,,,,18704.00,0.00,1008.25,,
2021-06-26 06:20:00 UTC,,,,18771.20,0.00,1008.26,,
2021-06-26 06:30:00 UTC,,,,18704.00,0.00,1008.36,,
2021-06-26 06:40:00 UTC,,,,18670.40,0.00,1008.39,,
2021-06-26 06:50:00 UTC,,,,18704.00,0.00,1008.30,,
2021-06-26 07:00:00 UTC,,,,18704.00,0.00,1008.33,,
2021-06-26 07:10:00 UTC,,,,18771.20,0.00,1008.34,,
2021-06-26 07:20:00 UTC,,,,18737.60,0.00,1008.46,,
2021-06-26 07:30:00 UTC,,,,18748.80,0.00,1008.52,,
2021-06-26 07:40:00 UTC,,,,18704.00,0.00,1008.46,,
2021-06-26 07:50:00 UTC,,,,18737.60,0.00,1008.49,,
2021-06-26 08:00:00 UTC,,,,18771.20,0.00,1008.51,,
2021-06-26 08:10:00 UTC,,,,18737.60,0.00,1008.52,,
2021-06-26 08:20:00 UTC,,,,18704.00,0.00,1008.48,,
2021-06-26 08:30:00 UTC,,,,18737.60,0.00,1008.51,,
2021-06-26 08:40:00 UTC,,,,18771.20,0.00,1008.61,,
2021-06-26 08:50:00 UTC,,,,18804.80,0.00,1008.67,,
2021-06-26 09:00:00 UTC,,,,18670.40,0.00,1008.74,,
2021-06-26 09:10:00 UTC,,,,18704.00,0.00,1008.74,,
2021-06-26 09:20:00 UTC,,,,18704.00,0.00,1008.51,,
2021-06-26 09:30:00 UTC,,,,18748.80,0.00,1008.64,,
2021-06-26 09:40:00 UTC,,,,18704.00,0.00,1008.81,,
2021-06-26 09:50:00 UTC,,,,18737.60,0.00,1008.89,,
2021-06-26 10:00:00 UTC,,,,18737.60,0.00,1008.93,,
2021-06-26 10:10:00 UTC,,,,18704.00,0.00,1009.03,,
2021-06-26 10:20:00 UTC,,,,18771.20,0.00,1009.08,,
2021-06-26 10:30:00 UTC,,,,18737.60,0.00,1009.10,,
2021-06-26 10:40:00 UTC,,,,18648.00,0.00,1009.18,,
2021-06-26 10:50:00 UTC,,,,18704.00,0.00,1009.23,,
2021-06-26 11:00:00 UTC,,,,18704.00,0.00,1009.22,,
2021-06-26 11:10:00 UTC,,,,18704.00,0.00,1009.22,,
2021-06-26 11:20:00 UTC,,,,18737.60,0.00,1009.25,,
2021-06-26 11:30:00 UTC,,,,18771.20,0.00,1009.26,,
2021-06-26 11:40:00 UTC,,,,18737.60,0.00,1009.28,,
2021-06-26 11:50:00 UTC,,,,18771.20,0.00,1009.24,,
2021-06-26 12:00:00 UTC,,,,18737.60,0.00,1009.41,,
2021-06-26 12:10:00 UTC,,,,18771.20,0.00,1009.47,,
2021-06-26 12:20:00 UTC,,,,18737.60,0.00,1009.50,,
2021-06-26 12:30:00 UTC,,,,18704.00,0.00,1009.51,,
2021-06-26 12:40:00 UTC,,,,18737.60,0.00,1009.62,,
2021-06-26 12:50:00 UTC,,,,18737.60,0.00,1009.74,,
2021-06-26 13:00:00 UTC,,,,18771.20,0.00,1009.79,,
2021-06-26 13:10:00 UTC,,,,18737.60,0.00,1009.82,,
2021-06-26 13:20:00 UTC,,,,18737.60,0.00,1009.94,,
2021-06-26 13:30:00 UTC,,,,18737.60,0.00,1009.96,,
2021-06-26 13:40:00 UTC,,,,18636.80,0.00,1009.97,,
2021-06-26 13:50:00 UTC,,,,18704.00,0.00,1010.01,,
2021-06-26 14:00:00 UTC,,,,18704.00,0.00,1010.05,,
2021-06-26 14:10:00 UTC,,,,18771.20,0.00,1010.01,,
2021-06-26 14:20:00 UTC,,,,18737.60,0.00,1010.02,,
2021-06-26 14:30:00 UTC,,,,18704.00,0.00,1010.11,,
2021-06-26 14:40:00 UTC,,,,18670.40,0.00,1010.17,,
2021-06-26 14:50:00 UTC,,,,18771.20,0.00,1010.21,,
2021-06-26 15:00:00 UTC,,,,18737.60,0.00,1010.17,,
2021-06-26 15:10:00 UTC,,,,18737.60,0.00,1010.08,,
2021-06-26 15:20:00 UTC,,,,18704.00,0.00,1010.14,,
2021-06-26 15:30:00 UTC,,,,18704.00,0.00,1010.13,,
2021-06-26 15:40:00 UTC,,,,18737.60,0.00,1010.01,,
2021-06-26 15:50:00 UTC,,,,18704.00,0.00,1010.03,,
2021-06-26 16:00:00 UTC,,,,18737.60,0.00,1009.94,,
2021-06-26 16:10:00 UTC,,,,18704.00,0.00,1010.05,,
2021-06-26 16:20:00 UTC,,,,18771.20,0.00,1010.01,,
2021-06-26 16:30:00 UTC,,,,18737.60,0.00,1009.95,,
2021-06-26 16:40:00 UTC,,,,18670.40,0.00,1009.92,,
2021-06-26 16:50:00 UTC,,,,18771.20,0.00,1009.79,,
2021-06-26 17:00:00 UTC,,,,18771.20,0.00,1009.71,,
2021-06-26 17:10:00 UTC,,,,18737.60,0.00,1009.61,,
2021-06-26 17:20:00 UTC,,,,18737.60,0.00,1009.64,,
2021-06-26 17:30:00 UTC,,,,18704.00,0.00,1009.55,,
2021-06-26 17:40:00 UTC,,,,18737.60,0.00,1008.49,,
2021-06-26 17:50:00 UTC,,,,18804.80,0.00,1009.34,,
2021-06-26 18:00:00 UTC,,,,18771.20,0.00,1009.28,,
2021-06-26 18:10:00 UTC,,,,18704.00,0.00,1009.23,,
2021-06-26 18:20:00 UTC,,,,18771.20,0.00,1009.13,,
2021-06-26 18:30:00 UTC,,,,18737.60,0.00,1008.98,,
2021-06-26 18:40:00 UTC,,,,18771.20,0.00,1008.96,,
2021-06-26 18:50:00 UTC,,,,18737.60,0.00,1008.13,,
2021-06-26 19:00:00 UTC,,,,18838.40,0.00,1008.90,,
2021-06-26 19:10:00 UTC,,,,18737.60,0.00,1008.76,,
2021-06-26 19:20:00 UTC,,,,18737.60,0.00,1008.70,,
2021-06-26 19:30:00 UTC,,,,18737.60,0.00,1008.60,,
2021-06-26 19:40:00 UTC,,,,18838.40,0.00,1008.49,,
2021-06-26 19:50:00 UTC,,,,18670.40,0.00,1008.39,,
2021-06-26 20:00:00 UTC,,,,18704.00,0.00,1008.29,,
2021-06-26 20:10:00 UTC,,,,18704.00,0.00,1008.16,,
2021-06-26 20:20:00 UTC,,,,18737.60,0.00,1008.01,,
2021-06-26 20:30:00 UTC,,,,18771.20,0.00,1007.92,,
2021-06-26 20:40:00 UTC,,,,18636.80,0.00,1007.80,,
2021-06-26 20:50:00 UTC,,,,18688.00,0.00,1007.71,,
2021-06-26 21:00:00 UTC,,,,18704.00,0.00,1007.65,,
2021-06-26 21:10:00 UTC,,,,18771.20,0.00,1007.48,,
2021-06-26 21:20:00 UTC,,,,18838.40,0.00,1007.31,,
2021-06-26 21:30:00 UTC,,,,18838.40,0.00,1007.21,,
2021-06-26 21:40:00 UTC,,,,18744.00,0.00,1007.07,,
2021-06-26 21:50:00 UTC,,,,18704.00,0.00,1006.96,,
2021-06-26 22:00:00 UTC,,,,18771.20,0.00,1006.76,,
2021-06-26 22:10:00 UTC,,,,18704.00,0.00,1006.56,,
2021-06-26 22:20:00 UTC,,,,18737.60,0.00,1006.66,,
2021-06-26 22:30:00 UTC,,,,18804.80,0.00,1006.57,,
2021-06-26 22:40:00 UTC,,,,18681.60,0.00,1006.26,,
2021-06-26 22:50:00 UTC,,,,18737.60,0.00,1006.27,,
2021-06-26 23:00:00 UTC,,,,18704.00,0.00,1006.14,,
2021-06-26 23:10:00 UTC,,,,18737.60,0.00,1005.98,,
2021-06-26 23:20:00 UTC,,,,18748.80,0.00,1005.86,,
2021-06-26 23:30:00 UTC,,,,18737.60,0.00,1005.76,,
2021-06-26 23:40:00 UTC,,,,18704.00,0.00,1005.61,,
2021-06-26 23:50:00 UTC,,,,18704.00,0.00,1005.50,,,
2021-06-27 00:00:00 UTC,,,,18737.60,0.00,1005.39,,
2021-06-27 00:10:00 UTC,,,,18704.00,0.00,1005.22,,
2021-06-27 00:20:00 UTC,,,,18704.00,0.00,1005.18,,
2021-06-27 00:30:00 UTC,,,,18704.00,0.00,1005.02,,
2021-06-27 00:40:00 UTC,,,,18782.40,0.00,1005.03,,
2021-06-27 00:50:00 UTC,,,,18737.60,0.00,1004.93,,
2021-06-27 01:00:00 UTC,,,,18704.00,0.00,1004.91,,
2021-06-27 01:10:00 UTC,,,,18771.20,0.00,1004.76,,
2021-06-27 01:20:00 UTC,,,,18737.60,0.00,1004.72,,
2021-06-27 01:30:00 UTC,,,,18737.60,0.00,1004.74,,
2021-06-27 01:40:00 UTC,,,,18670.40,0.00,1004.74,,
2021-06-27 01:50:00 UTC,,,,18704.00,0.00,1004.79,,
2021-06-27 02:00:00 UTC,,,,18704.00,0.00,1004.85,,
2021-06-27 02:10:00 UTC,,,,18704.00,0.00,1004.39,,
2021-06-27 02:20:00 UTC,,,,18737.60,0.00,1004.84,,
2021-06-27 02:30:00 UTC,,,,18737.60,0.00,1004.76,,
2021-06-27 02:40:00 UTC,,,,18737.60,0.00,1004.78,,
2021-06-27 02:50:00 UTC,,,,18737.60,0.00,1004.77,,
2021-06-27 03:00:00 UTC,,,,18737.60,0.00,1004.77,,
2021-06-27 03:10:00 UTC,,,,18704.00,0.00,1004.74,,
2021-06-27 03:20:00 UTC,,,,18704.00,0.00,1004.80,,
2021-06-27 03:30:00 UTC,,,,18737.60,0.00,1004.84,,
2021-06-27 03:40:00 UTC,,,,18704.00,0.00,1004.92,,
2021-06-27 03:50:00 UTC,,,,18704.00,0.00,1005.01,,
2021-06-27 04:00:00 UTC,,,,18704.00,0.00,1005.04,,
2021-06-27 04:10:00 UTC,,,,18704.00,0.00,1005.07,,
2021-06-27 04:20:00 UTC,,,,18704.00,0.00,1005.12,,
2021-06-27 04:30:00 UTC,,,,18704.00,0.00,1005.28,,
2021-06-27 04:40:00 UTC,,,,18704.00,0.00,1005.34,,
2021-06-27 04:50:00 UTC,,,,18737.60,0.00,1005.51,,
2021-06-27 05:00:00 UTC,,,,18771.20,0.00,1005.59,,
2021-06-27 05:10:00 UTC,,,,18737.60,0.00,1005.69,,
2021-06-27 05:20:00 UTC,,,,18704.00,0.00,1005.73,,
2021-06-27 05:30:00 UTC,,,,18704.00,0.00,1005.70,,
2021-06-27 05:40:00 UTC,,,,18670.40,0.00,1005.68,,
2021-06-27 05:50:00 UTC,,,,18771.20,0.00,1005.70,,
2021-06-27 06:00:00 UTC,,,,18704.00,0.00,1005.66,,
2021-06-27 06:10:00 UTC,,,,18804.80,0.00,1005.61,,
2021-06-27 06:20:00 UTC,,,,18737.60,0.00,1005.60,,
2021-06-27 06:30:00 UTC,,,,18704.00,0.00,1005.62,,
2021-06-27 06:40:00 UTC,,,,18704.00,0.00,1005.63,,
2021-06-27 06:50:00 UTC,,,,18704.00,0.00,1005.63,,
2021-06-27 07:00:00 UTC,,,,18771.20,0.00,1005.63,,
2021-06-27 07:10:00 UTC,,,,18704.00,0.00,1005.67,,
2021-06-27 07:20:00 UTC,,,,18737.60,0.00,1005.70,,
2021-06-27 07:30:00 UTC,,,,18704.00,0.00,1005.70,,
2021-06-27 07:40:00 UTC,,,,18704.00,0.00,1005.55,,
2021-06-27 07:50:00 UTC,,,,18704.00,0.00,1005.63,,
2021-06-27 08:00:00 UTC,,,,18737.60,0.00,1005.64,,
2021-06-27 08:10:00 UTC,,,,18771.20,0.00,1005.66,,
2021-06-27 08:20:00 UTC,,,,18704.00,0.00,1005.65,,
2021-06-27 08:30:00 UTC,,,,18737.60,0.00,1005.66,,
2021-06-27 08:40:00 UTC,,,,18737.60,0.00,1005.63,,
2021-06-27 08:50:00 UTC,,,,18771.20,0.00,1005.69,,
2021-06-27 09:00:00 UTC,,,,18737.60,0.00,1005.66,,
2021-06-27 09:10:00 UTC,,,,18681.60,0.00,1005.68,,
2021-06-27 09:20:00 UTC,,,,18737.60,0.00,1005.65,,
2021-06-27 09:30:00 UTC,,,,18704.00,0.00,1005.64,,
2021-06-27 09:40:00 UTC,,,,18737.60,0.00,1005.60,,
2021-06-27 09:50:00 UTC,,,,18771.20,0.00,1005.52,,
2021-06-27 10:00:00 UTC,,,,18704.00,0.00,1005.67,,
2021-06-27 10:10:00 UTC,,,,18838.40,0.00,1005.61,,
2021-06-27 10:20:00 UTC,,,,18704.00,0.00,1005.61,,
2021-06-27 10:30:00 UTC,,,,18704.00,0.00,1005.56,,
2021-06-27 10:40:00 UTC,,,,18704.00,0.00,1005.56,,
2021-06-27 10:50:00 UTC,,,,18737.60,0.00,1005.56,,
2021-06-27 11:00:00 UTC,,,,18737.60,0.00,1005.59,,
2021-06-27 11:10:00 UTC,,,,18737.60,0.00,1005.66,,
2021-06-27 11:20:00 UTC,,,,18771.20,0.00,1005.66,,
2021-06-27 11:30:00 UTC,,,,18704.00,0.00,1005.54,,
2021-06-27 11:40:00 UTC,,,,18670.40,0.00,1005.68,,
2021-06-27 11:50:00 UTC,,,,18737.60,0.00,1005.70,,
2021-06-27 12:00:00 UTC,,,,18704.00,0.00,1005.68,,
2021-06-27 12:10:00 UTC,,,,18737.60,0.00,1005.71,,
2021-06-27 12:20:00 UTC,,,,18737.60,0.00,1005.59,,
2021-06-27 12:30:00 UTC,,,,18771.20,0.00,1005.67,,
2021-06-27 12:40:00 UTC,,,,18704.00,0.00,1005.66,,
2021-06-27 12:50:00 UTC,,,,18704.00,0.00,1005.75,,
2021-06-27 13:00:00 UTC,,,,18737.60,0.00,1005.78,,
2021-06-27 13:10:00 UTC,,,,18704.00,0.00,1005.64,,
2021-06-27 13:20:00 UTC,,,,18737.60,0.00,1005.81,,
2021-06-27 13:30:00 UTC,,,,18704.00,0.00,1005.82,,
2021-06-27 13:40:00 UTC,,,,18704.00,0.00,1005.75,,
2021-06-27 13:50:00 UTC,,,,18704.00,0.00,1005.78,,
2021-06-27 14:00:00 UTC,,,,18704.00,0.00,1005.78,,
2021-06-27 14:10:00 UTC,,,,18704.00,0.00,1005.63,,
2021-06-27 14:20:00 UTC,,,,18737.60,0.00,1005.67,,
2021-06-27 14:30:00 UTC,,,,18704.00,0.00,1005.62,,
2021-06-27 14:40:00 UTC,,,,18737.60,0.00,1005.55,,
2021-06-27 14:50:00 UTC,,,,18704.00,0.00,1005.50,,
2021-06-27 15:00:00 UTC,,,,18737.60,0.00,1005.46,,
2021-06-27 15:10:00 UTC,,,,18704.00,0.00,1005.40,,
2021-06-27 15:20:00 UTC,,,,18771.20,0.00,1005.37,,
2021-06-27 15:30:00 UTC,,,,18737.60,0.00,1005.33,,
2021-06-27 15:40:00 UTC,,,,18636.80,0.00,1005.29,,
2021-06-27 15:50:00 UTC,,,,18737.60,0.00,1005.18,,
2021-06-27 16:00:00 UTC,,,,18704.00,0.00,1005.23,,
2021-06-27 16:10:00 UTC,,,,18804.80,0.00,1005.09,,
2021-06-27 16:20:00 UTC,,,,18771.20,0.00,1005.03,,
2021-06-27 16:30:00 UTC,,,,18737.60,0.00,1004.94,,
2021-06-27 16:40:00 UTC,,,,18704.00,0.00,1004.82,,
2021-06-27 16:50:00 UTC,,,,18704.00,0.00,1004.76,,
2021-06-27 17:00:00 UTC,,,,18737.60,0.00,1004.63,,
2021-06-27 17:10:00 UTC,,,,18681.60,0.00,1004.59,,
2021-06-27 17:20:00 UTC,,,,18704.00,0.00,1004.44,,
2021-06-27 17:30:00 UTC,,,,18704.00,0.00,1004.41,,
2021-06-27 17:40:00 UTC,,,,18704.00,0.00,1004.27,,
2021-06-27 17:50:00 UTC,,,,18704.00,0.00,1004.38,,
2021-06-27 18:00:00 UTC,,,,18737.60,0.00,1004.32,,
2021-06-27 18:10:00 UTC,,,,18737.60,0.00,1004.14,,
2021-06-27 18:20:00 UTC,,,,18704.00,0.00,1003.95,,
2021-06-27 18:30:00 UTC,,,,18737.60,0.00,1004.12,,
2021-06-27 18:40:00 UTC,,,,18670.40,0.00,1004.09,,
2021-06-27 18:50:00 UTC,,,,18771.20,0.00,1004.00,,
2021-06-27 19:00:00 UTC,,,,18704.00,0.00,1003.88,,
2021-06-27 19:10:00 UTC,,,,18704.00,0.00,1003.76,,
2021-06-27 19:20:00 UTC,,,,18704.00,0.00,1003.55,,
2021-06-27 19:30:00 UTC,,,,18737.60,0.00,1003.45,,
2021-06-27 19:40:00 UTC,,,,18704.00,0.00,1003.34,,
2021-06-27 19:50:00 UTC,,,,18704.00,0.00,1003.14,,
2021-06-27 20:00:00 UTC,,,,18771.20,0.00,1002.93,,
2021-06-27 20:10:00 UTC,,,,18704.00,0.00,1002.93,,
2021-06-27 20:20:00 UTC,,,,18704.00,0.00,1002.81,,
2021-06-27 20:30:00 UTC,,,,18704.00,0.00,1002.69,,
2021-06-27 20:40:00 UTC,,,,18704.00,0.00,1002.52,,
2021-06-27 20:50:00 UTC,,,,18704.00,0.00,1002.32,,
2021-06-27 21:00:00 UTC,,,,18704.00,0.00,1002.30,,
2021-06-27 21:10:00 UTC,,,,18704.00,0.00,1002.23,,
2021-06-27 21:20:00 UTC,,,,18737.60,0.00,1002.10,,
2021-06-27 21:30:00 UTC,,,,18704.00,0.00,1002.02,,
2021-06-27 21:40:00 UTC,,,,18704.00,0.00,1001.93,,
2021-06-27 21:50:00 UTC,,,,18737.60,0.00,1001.85,,
2021-06-27 22:00:00 UTC,,,,18704.00,0.00,1001.60,,
2021-06-27 22:10:00 UTC,,,,18737.60,0.00,1001.57,,
2021-06-27 22:20:00 UTC,,,,18737.60,0.00,1001.43,,
2021-06-27 22:30:00 UTC,,,,18737.60,0.00,1001.33,,
2021-06-27 22:40:00 UTC,,,,18704.00,0.00,1001.25,,
2021-06-27 22:50:00 UTC,,,,18704.00,0.00,1001.12,,
2021-06-27 23:00:00 UTC,,,,18704.00,0.00,1001.10,,
2021-06-27 23:10:00 UTC,,,,18704.00,0.00,1000.91,,
2021-06-27 23:20:00 UTC,,,,18704.00,0.00,1000.98,,
2021-06-27 23:30:00 UTC,,,,18737.60,0.00,1000.88,,
2021-06-27 23:40:00 UTC,,,,18704.00,0.00,1000.83,,
2021-06-27 23:50:00 UTC,,,,18704.00,0.00,1000.72,,